Date,Open,High,Low,Close
1/3/2011,,,,16.04
1/4/2011,,,,16.06
1/5/2011,,,,15.57
1/6/2011,,,,15.71
1/7/2011,,,,15.01
1/10/2011,,,,15.81
1/11/2011,,,,14.93
1/12/2011,,,,14.82
1/13/2011,,,,14.92
1/14/2011,,,,14.3
1/18/2011,,,,16.34
1/19/2011,,,,17.74
1/20/2011,,,,16.98
1/21/2011,,,,17.32
1/24/2011,,,,17.38
1/25/2011,,,,17.75
1/26/2011,,,,16.27
1/27/2011,,,,15.07
1/28/2011,,,,21.25
1/31/2011,,,,20.5
2/1/2011,,,,17.21
2/2/2011,,,,16.83
2/3/2011,,,,15.38
2/4/2011,,,,14.19
2/7/2011,,,,15.33
2/8/2011,,,,14.56
2/9/2011,,,,14.3
2/10/2011,,,,14.53
2/11/2011,,,,14.79
2/14/2011,,,,16.16
2/15/2011,,,,16.58
2/16/2011,,,,16.87
2/17/2011,,,,15.81
2/18/2011,,,,14.92
2/22/2011,,,,22.09
2/23/2011,,,,22.77
2/24/2011,,,,21.51
2/25/2011,,,,18.47
2/28/2011,,,,18.3
3/1/2011,,,,21.59
3/2/2011,,,,20.78
3/3/2011,,,,16.85
3/4/2011,,,,17.69
3/7/2011,,,,20.97
3/8/2011,,,,19.34
3/9/2011,,,,19.93
3/10/2011,,,,22.89
3/11/2011,,,,19.4
3/14/2011,,,,21.93
3/15/2011,,,,25.9
3/16/2011,,,,31.04
3/17/2011,,,,28.62
3/18/2011,,,,25.31
3/21/2011,,,,21.02
3/22/2011,,,,20.17
3/23/2011,,,,19.06
3/24/2011,,,,17.42
3/25/2011,,,,17.49
3/28/2011,,,,19.84
3/29/2011,,,,17.46
3/30/2011,,,,16.98
3/31/2011,,,,16.31
4/1/2011,,,,15.15
4/4/2011,,,,16.72
4/5/2011,,,,15.81
4/6/2011,,,,15.21
4/7/2011,,,,15.93
4/8/2011,,,,17.21
4/11/2011,,,,18.39
4/12/2011,,,,18.93
4/13/2011,,,,17.97
4/14/2011,,,,15.99
4/15/2011,,,,14.28
4/18/2011,,,,17.63
4/19/2011,,,,15.91
4/20/2011,,,,15.04
4/21/2011,,,,13.03
4/25/2011,,,,15.05
4/26/2011,,,,15.16
4/27/2011,,,,14.61
4/28/2011,,,,12.81
4/29/2011,,,,13.09
5/2/2011,,,,15.16
5/3/2011,,,,15.71
5/4/2011,,,,16.37
5/5/2011,,,,18.87
5/6/2011,,,,18.89
5/9/2011,,,,16.56
5/10/2011,,,,14.58
5/11/2011,,,,16.8
5/12/2011,,,,15.1
5/13/2011,,,,17.13
5/16/2011,,,,19.71
5/17/2011,,,,18.33
5/18/2011,,,,16.25
5/19/2011,,,,14.92
5/20/2011,,,,18.1
5/23/2011,,,,18.87
5/24/2011,,,,17.87
5/25/2011,,,,16.83
5/26/2011,,,,14.62
5/27/2011,,,,14.79
5/31/2011,,,,14.89
6/1/2011,,,,19.1
6/2/2011,,,,18.93
6/3/2011,,,,17.99
6/6/2011,,,,19.35
6/7/2011,,,,18.41
6/8/2011,,,,19.02
6/9/2011,,,,18.11
6/10/2011,,,,18.92
6/13/2011,,,,20.28
6/14/2011,,,,18.44
6/15/2011,,,,22.03
6/16/2011,,,,24.63
6/17/2011,,,,23.13
6/20/2011,,,,20.74
6/21/2011,,,,20.18
6/22/2011,,,,18.64
6/23/2011,,,,20.07
6/24/2011,,,,22.47
6/27/2011,,,,21.99
6/28/2011,,,,19.83
6/29/2011,,,,16.96
6/30/2011,,,,15.14
7/1/2011,,,,15.29
7/5/2011,,,,15.85
7/6/2011,,,,15.66
7/7/2011,,,,15.29
7/8/2011,,,,15.56
7/11/2011,,,,20.14
7/12/2011,,,,21.5
7/13/2011,,,,20.65
7/14/2011,,,,22.19
7/15/2011,,,,19.82
7/18/2011,,,,22.13
7/19/2011,,,,19.69
7/20/2011,,,,19.75
7/21/2011,,,,17.54
7/22/2011,,,,16.96
7/25/2011,,,,20.4
7/26/2011,,,,20.83
7/27/2011,,,,24.41
7/28/2011,,,,27.52
7/29/2011,,,,30.35
8/1/2011,,,,26.85
8/2/2011,,,,27.78
8/3/2011,,,,24.7
8/4/2011,,,,39.89
8/5/2011,,,,37.58
8/8/2011,,,,68
8/9/2011,,,,43.38
8/10/2011,,,,56.66
8/11/2011,,,,46.98
8/12/2011,,,,38.41
8/15/2011,,,,32.94
8/16/2011,,,,33.09
8/17/2011,,,,31.22
8/18/2011,,,,46.55
8/19/2011,,,,47.41
8/22/2011,,,,44.57
8/23/2011,,,,37.81
8/24/2011,,,,37.43
8/25/2011,,,,44.08
8/26/2011,,,,36.34
8/29/2011,,,,33.39
8/30/2011,,,,34.67
8/31/2011,,,,32.33
9/1/2011,,,,31.78
9/2/2011,,,,31.94
9/6/2011,,,,39.24
9/7/2011,,,,32.44
9/8/2011,,,,34.41
9/9/2011,,,,40.42
9/12/2011,,,,40.45
9/13/2011,,,,37.63
9/14/2011,,,,35.03
9/15/2011,,,,32.79
9/16/2011,,,,32.52
9/19/2011,,,,34.6
9/20/2011,,,,34.49
9/21/2011,,,,37.76
9/22/2011,,,,43.49
9/23/2011,,,,42.66
9/26/2011,,,,40.17
9/27/2011,,,,38.93
9/28/2011,,,,42.81
9/29/2011,,,,39.79
9/30/2011,,,,43.73
10/3/2011,,,,48.64
10/4/2011,,,,41.47
10/5/2011,,,,37.58
10/6/2011,,,,34.96
10/7/2011,,,,33.62
10/10/2011,,,,31.3
10/11/2011,,,,30.01
10/12/2011,,,,29.02
10/13/2011,,,,27.71
10/14/2011,,,,26.49
10/17/2011,,,,33.95
10/18/2011,,,,32.21
10/19/2011,,,,34.7
10/20/2011,,,,36.7
10/21/2011,,,,32.15
10/24/2011,,,,30.19
10/25/2011,,,,33.57
10/26/2011,,,,30.33
10/27/2011,,,,24.95
10/28/2011,,,,23.03
10/31/2011,,,,30.88
11/1/2011,,,,36.72
11/2/2011,,,,33.06
11/3/2011,,,,29.5
11/4/2011,,,,28.43
11/7/2011,,,,28.39
11/8/2011,,,,24.57
11/9/2011,,,,38.14
11/10/2011,,,,32.13
11/11/2011,,,,28.03
11/14/2011,,,,31.23
11/15/2011,,,,31.57
11/16/2011,,,,34.12
11/17/2011,,,,32.62
11/18/2011,,,,30.26
11/21/2011,,,,33.34
11/22/2011,,,,31.03
11/23/2011,,,,33.6
11/25/2011,,,,33.95
11/28/2011,,,,31.88
11/29/2011,,,,30.4
11/30/2011,,,,27.43
12/1/2011,,,,27
12/2/2011,,,,27.78
12/5/2011,,,,28.84
12/6/2011,,,,28.5
12/7/2011,,,,30.19
12/8/2011,,,,31.62
12/9/2011,,,,24.44
12/12/2011,,,,25.99
12/13/2011,,,,25.63
12/14/2011,,,,25.62
12/15/2011,,,,24.07
12/16/2011,,,,22.76
12/19/2011,,,,23.16
12/20/2011,,,,21.55
12/21/2011,,,,20.62
12/22/2011,,,,19.72
12/23/2011,,,,17.81
12/27/2011,,,,20.6
12/28/2011,,,,22.42
12/29/2011,,,,19.42
12/30/2011,,,,19.36
1/3/2012,,,,20.63
1/4/2012,,,,19.32
1/5/2012,,,,18.25
1/6/2012,,,,17.01
1/9/2012,,,,17.61
1/10/2012,,,,17.48
1/11/2012,,,,17.12
1/12/2012,,,,16.65
1/13/2012,,,,17.69
1/17/2012,,,,22.07
1/18/2012,,,,20.67
1/19/2012,,,,17.41
1/20/2012,,,,16.12
1/23/2012,,,,18.12
1/24/2012,,,,18.08
1/25/2012,,,,17.36
1/26/2012,,,,16.4
1/27/2012,,,,16.63
1/30/2012,,,,18.47
1/31/2012,,,,18.44
2/1/2012,,,,16.87
2/2/2012,,,,15.78
2/3/2012,,,,15.34
2/6/2012,,,,16.64
2/7/2012,,,,16.11
2/8/2012,,,,16.33
2/9/2012,,,,16.56
2/10/2012,,,,19.66
2/13/2012,,,,18.45
2/14/2012,,,,19.23
2/15/2012,,,,21.26
2/16/2012,,,,17.12
2/17/2012,,,,16.23
2/21/2012,,,,17.44
2/22/2012,,,,17.09
2/23/2012,,,,14.83
2/24/2012,,,,15.09
2/27/2012,,,,16.94
2/28/2012,,,,16.57
2/29/2012,,,,16.85
3/1/2012,,,,15.06
3/2/2012,,,,14.44
3/5/2012,,,,15.98
3/6/2012,,,,20.1
3/7/2012,,,,17.37
3/8/2012,,,,16.98
3/9/2012,,,,15.3
3/12/2012,,,,15.54
3/13/2012,,,,16.35
3/14/2012,,,,16.72
3/15/2012,,,,14.29
3/16/2012,,,,13.47
3/19/2012,,,,14.62
3/20/2012,,,,15.31
3/21/2012,,,,15.37
3/22/2012,,,,15.9
3/23/2012,,,,14.33
3/26/2012,,,,14.3
3/27/2012,,,,15.43
3/28/2012,,,,14.93
3/29/2012,,,,14.55
3/30/2012,,,,14.2
4/2/2012,,,,14.77
4/3/2012,,,,14.36
4/4/2012,,,,12.92
4/5/2012,,,,14.7
4/9/2012,,,,17.87
4/10/2012,,,,19.84
4/11/2012,,,,18.69
4/12/2012,,,,15.99
4/13/2012,,,,19.07
4/16/2012,,,,20.13
4/17/2012,,,,18.84
4/18/2012,,,,18.85
4/19/2012,,,,18.09
4/20/2012,,,,16.85
4/23/2012,,,,19.1
4/24/2012,,,,17.87
4/25/2012,,,,16.14
4/26/2012,,,,14.7
4/27/2012,,,,14.65
4/30/2012,,,,16.55
5/1/2012,,,,15.63
5/2/2012,,,,16.23
5/3/2012,,,,16.94
5/4/2012,,,,18.42
5/7/2012,,,,18.46
5/8/2012,,,,19.09
5/9/2012,,,,20.24
5/10/2012,,,,18.64
5/11/2012,,,,20.19
5/14/2012,,,,22.56
5/15/2012,,,,22.63
5/16/2012,,,,22.41
5/17/2012,,,,25.44
5/18/2012,,,,26.6
5/21/2012,,,,21.93
5/22/2012,,,,22.03
5/23/2012,,,,21.75
5/24/2012,,,,19.22
5/25/2012,,,,19.21
5/29/2012,,,,19.48
5/30/2012,,,,23.39
5/31/2012,,,,22.41
6/1/2012,,,,26.2
6/4/2012,,,,24.67
6/5/2012,,,,23.17
6/6/2012,,,,19.31
6/7/2012,,,,19.62
6/8/2012,,,,19.85
6/11/2012,,,,26.39
6/12/2012,,,,24.22
6/13/2012,,,,26.19
6/14/2012,,,,25.22
6/15/2012,,,,24.32
6/18/2012,,,,19.17
6/19/2012,,,,19.53
6/20/2012,,,,17.44
6/21/2012,,,,20.92
6/22/2012,,,,17.94
6/25/2012,,,,20.4
6/26/2012,,,,18.74
6/27/2012,,,,17.12
6/28/2012,,,,18.14
6/29/2012,,,,15.01
7/2/2012,,,,15.11
7/3/2012,,,,14.68
7/5/2012,,,,15.78
7/6/2012,,,,15.01
7/9/2012,,,,17.13
7/10/2012,,,,18.1
7/11/2012,,,,17.26
7/12/2012,,,,18.01
7/13/2012,,,,14.7
7/16/2012,,,,16.53
7/17/2012,,,,15.63
7/18/2012,,,,15
7/19/2012,,,,14.32
7/20/2012,,,,15.61
7/23/2012,,,,19.02
7/24/2012,,,,21.16
7/25/2012,,,,19.31
7/26/2012,,,,17.8
7/27/2012,,,,16.3
7/30/2012,,,,18.86
7/31/2012,,,,19.86
8/1/2012,,,,20.79
8/2/2012,,,,16.64
8/3/2012,,,,14.2
8/6/2012,,,,14.85
8/7/2012,,,,14.68
8/8/2012,,,,13.52
8/9/2012,,,,13
8/10/2012,,,,12.45
8/13/2012,,,,13.15
8/14/2012,,,,13.02
8/15/2012,,,,12.37
8/16/2012,,,,12.35
8/17/2012,,,,11.5
8/20/2012,,,,12.24
8/21/2012,,,,13.21
8/22/2012,,,,13.15
8/23/2012,,,,13.67
8/24/2012,,,,13.1
8/27/2012,,,,14.89
8/28/2012,,,,15.21
8/29/2012,,,,15.29
8/30/2012,,,,16.87
8/31/2012,,,,15.73
9/4/2012,,,,17.43
9/5/2012,,,,17.9
9/6/2012,,,,14.98
9/7/2012,,,,13.25
9/10/2012,,,,16.94
9/11/2012,,,,16.94
9/12/2012,,,,15.95
9/13/2012,,,,14.46
9/14/2012,,,,14.12
9/17/2012,,,,14.1
9/18/2012,,,,13.44
9/19/2012,,,,13.07
9/20/2012,,,,12.89
9/21/2012,,,,13.22
9/24/2012,,,,13.23
9/25/2012,,,,14.8
9/26/2012,,,,16.44
9/27/2012,,,,14.05
9/28/2012,,,,15.24
10/1/2012,,,,15.63
10/2/2012,,,,14.56
10/3/2012,,,,14.11
10/4/2012,,,,13.43
10/5/2012,,,,12.23
10/8/2012,,,,14.17
10/9/2012,,,,15.98
10/10/2012,,,,15.93
10/11/2012,,,,14.47
10/12/2012,,,,15.49
10/15/2012,,,,14.32
10/16/2012,,,,13.57
10/17/2012,,,,13.22
10/18/2012,,,,13.65
10/19/2012,,,,17.64
10/22/2012,,,,16.78
10/23/2012,,,,20.61
10/24/2012,,,,18.94
10/25/2012,,,,18.27
10/26/2012,,,,16.8
10/31/2012,,,,19.15
11/1/2012,,,,17.35
11/2/2012,,,,18.51
11/5/2012,,,,20.45
11/6/2012,,,,19.3
11/7/2012,,,,19.87
11/8/2012,,,,18.18
11/9/2012,,,,18.5
11/12/2012,,,,16.27
11/13/2012,,,,16.25
11/14/2012,,,,18.67
11/15/2012,,,,18.93
11/16/2012,,,,17.06
11/19/2012,,,,15.57
11/20/2012,,,,15.24
11/21/2012,,,,15.33
11/23/2012,,,,15.25
11/26/2012,,,,16.01
11/27/2012,,,,16.12
11/28/2012,,,,15.72
11/29/2012,,,,15.2
11/30/2012,,,,15.81
12/3/2012,,,,17.1
12/4/2012,,,,17.19
12/5/2012,,,,15.98
12/6/2012,,,,15.95
12/7/2012,,,,15.25
12/10/2012,,,,15.16
12/11/2012,,,,15.21
12/12/2012,,,,15.26
12/13/2012,,,,15.77
12/14/2012,,,,16.49
12/17/2012,,,,16.57
12/18/2012,,,,16.22
12/19/2012,,,,18.47
12/20/2012,,,,19.04
12/21/2012,,,,18.2
12/24/2012,,,,20.12
12/26/2012,,,,21.48
12/27/2012,,,,21.68
12/28/2012,,,,26.93
12/31/2012,,,,20.27
1/2/2013,,,,12.94
1/3/2013,,,,13.3
1/4/2013,,,,11.62
1/7/2013,,,,11.99
1/8/2013,,,,11.76
1/9/2013,,,,11.6
1/10/2013,,,,11.17
1/11/2013,,,,11.22
1/14/2013,,,,12.15
1/15/2013,,,,12.05
1/16/2013,,,,11.83
1/17/2013,,,,12.39
1/18/2013,,,,10.9
1/22/2013,,,,11.21
1/23/2013,,,,11.04
1/24/2013,,,,11.12
1/25/2013,,,,11.63
1/28/2013,,,,13.01
1/29/2013,,,,13.16
1/30/2013,,,,14.24
1/31/2013,,,,14.03
2/1/2013,,,,10.85
2/4/2013,,,,14.25
2/5/2013,,,,12.78
2/6/2013,,,,12.04
2/7/2013,,,,12.03
2/8/2013,,,,11.38
2/11/2013,,,,11.86
2/12/2013,,,,11.05
2/13/2013,,,,11.09
2/14/2013,,,,10.81
2/15/2013,,,,10.79
2/19/2013,,,,11.43
2/20/2013,,,,15.36
2/21/2013,,,,16.01
2/22/2013,,,,14.58
2/25/2013,,,,21.87
2/26/2013,,,,18.11
2/27/2013,,,,14.91
2/28/2013,,,,15.99
3/1/2013,,,,14.55
3/4/2013,,,,12.93
3/5/2013,,,,12.54
3/6/2013,,,,12.22
3/7/2013,,,,11.69
3/8/2013,,,,10.77
3/11/2013,,,,11.25
3/12/2013,,,,12.48
3/13/2013,,,,11.42
3/14/2013,,,,11.08
3/15/2013,,,,10.5
3/18/2013,,,,13.46
3/19/2013,,,,14.84
3/20/2013,,,,13.65
3/21/2013,,,,16.01
3/22/2013,,,,15.23
3/25/2013,,,,14.22
3/26/2013,,,,11.75
3/27/2013,,,,12.29
3/28/2013,,,,11.03
4/1/2013,,,,12.97
4/2/2013,,,,11.62
4/3/2013,,,,14.3
4/4/2013,,,,13.62
4/5/2013,,,,13.59
4/8/2013,,,,13.15
4/9/2013,,,,12.42
4/10/2013,,,,11.47
4/11/2013,,,,11.05
4/12/2013,,,,11.37
4/15/2013,,,,20.67
4/16/2013,,,,14.41
4/17/2013,,,,18.77
4/18/2013,,,,19.3
4/19/2013,,,,15.25
4/22/2013,,,,14.85
4/23/2013,,,,13.09
4/24/2013,,,,13.32
4/25/2013,,,,13
4/26/2013,,,,12.85
4/29/2013,,,,13.5
4/30/2013,,,,13.37
5/1/2013,,,,15.03
5/2/2013,,,,13.03
5/3/2013,,,,11.68
5/6/2013,,,,11.64
5/7/2013,,,,11.73
5/8/2013,,,,11.27
5/9/2013,,,,11.97
5/10/2013,,,,11.15
5/13/2013,,,,13.08
5/14/2013,,,,13.33
5/15/2013,,,,13.63
5/16/2013,,,,13.27
5/17/2013,,,,12.6
5/20/2013,,,,13.14
5/21/2013,,,,13.56
5/22/2013,,,,14.05
5/23/2013,,,,14.07
5/24/2013,,,,13.19
5/28/2013,,,,15.6
5/29/2013,,,,15.76
5/30/2013,,,,14.69
5/31/2013,,,,16.7
6/3/2013,,,,17.24
6/4/2013,,,,16.89
6/5/2013,,,,18.54
6/6/2013,,,,17.25
6/7/2013,,,,14.21
6/10/2013,,,,15.16
6/11/2013,,,,17.47
6/12/2013,,,,19.1
6/13/2013,,,,15.62
6/14/2013,,,,16.9
6/17/2013,,,,17.24
6/18/2013,,,,17.62
6/19/2013,,,,17.62
6/20/2013,,,,23.4
6/21/2013,,,,20.56
6/24/2013,,,,22.32
6/25/2013,,,,18.98
6/26/2013,,,,17.02
6/27/2013,,,,16.1
6/28/2013,,,,15.98
7/1/2013,,,,16.07
7/2/2013,,,,15.56
7/3/2013,,,,15.94
7/5/2013,,,,13.08
7/8/2013,,,,14.22
7/9/2013,,,,13.45
7/10/2013,,,,13.51
7/11/2013,,,,13.04
7/12/2013,,,,12.33
7/15/2013,,,,13.05
7/16/2013,,,,13.62
7/17/2013,,,,12.57
7/18/2013,,,,12.48
7/19/2013,,,,11.61
7/22/2013,,,,11.79
7/23/2013,,,,12.58
7/24/2013,,,,13.13
7/25/2013,,,,12.82
7/26/2013,,,,11.97
7/29/2013,,,,13.23
7/30/2013,,,,13.53
7/31/2013,,,,13.33
8/1/2013,,,,12.25
8/2/2013,,,,10.2
8/5/2013,,,,10.61
8/6/2013,,,,11.8
8/7/2013,,,,11.95
8/8/2013,,,,11.52
8/9/2013,,,,13.23
8/12/2013,,,,13.68
8/13/2013,,,,12.67
8/14/2013,,,,13.28
8/15/2013,,,,16.43
8/16/2013,,,,15.71
8/19/2013,,,,15.49
8/20/2013,,,,14.27
8/21/2013,,,,15.21
8/22/2013,,,,12.99
8/23/2013,,,,11.82
8/26/2013,,,,13.93
8/27/2013,,,,16.04
8/28/2013,,,,15.47
8/29/2013,,,,15.41
8/30/2013,,,,15.87
9/3/2013,,,,15.97
9/4/2013,,,,14.28
9/5/2013,,,,14.38
9/6/2013,,,,14.57
9/9/2013,,,,15.01
9/10/2013,,,,13.35
9/11/2013,,,,12.31
9/12/2013,,,,13.03
9/13/2013,,,,12.6
9/16/2013,,,,14.04
9/17/2013,,,,14.49
9/18/2013,,,,13.4
9/19/2013,,,,12.03
9/20/2013,,,,12.42
9/23/2013,,,,13.97
9/24/2013,,,,13.75
9/25/2013,,,,13.79
9/26/2013,,,,14.12
9/27/2013,,,,16.22
9/30/2013,,,,17.73
10/1/2013,,,,14.67
10/2/2013,,,,15.81
10/3/2013,,,,17.58
10/4/2013,,,,16.62
10/7/2013,,,,20.18
10/8/2013,,,,21.87
10/9/2013,,,,20.39
10/10/2013,,,,17.34
10/11/2013,,,,16.8
10/14/2013,,,,19.1
10/15/2013,,,,23.54
10/16/2013,,,,16.18
10/17/2013,,,,12.93
10/18/2013,,,,12.91
10/21/2013,,,,12.79
10/22/2013,,,,12.73
10/23/2013,,,,12.37
10/24/2013,,,,11.95
10/25/2013,,,,11.59
10/28/2013,,,,12.03
10/29/2013,,,,12.57
10/30/2013,,,,12.98
10/31/2013,,,,12.62
11/1/2013,,,,12.1
11/4/2013,,,,11.81
11/5/2013,,,,12.14
11/6/2013,,,,11.61
11/7/2013,,,,13.19
11/8/2013,,,,11.97
11/11/2013,,,,12.63
11/12/2013,,,,13.02
11/13/2013,,,,12.75
11/14/2013,,,,11.69
11/15/2013,,,,11.16
11/18/2013,,,,11.8
11/19/2013,11.9,12.65,11.69,11.87
11/20/2013,11.76,12.35,9.75,12.03
11/21/2013,11.98,11.98,10.71,10.71
11/22/2013,10.7,11,10.27,10.34
11/25/2013,11.67,11.97,11.19,11.52
11/26/2013,11.36,11.94,11.13,11.55
11/27/2013,11.35,11.92,11.04,11.66
11/29/2013,11.79,13.59,11.79,13.59
12/2/2013,13.99,14.65,13.61,14.3
12/3/2013,15.07,15.68,14.43,14.68
12/4/2013,15.24,16.72,13.99,14.71
12/5/2013,15.22,16.07,14.79,15.42
12/6/2013,13.32,13.33,12.69,12.7
12/9/2013,14.16,14.26,13.5,13.52
12/10/2013,14.2,14.87,14.01,14.65
12/11/2013,14.87,17.37,14.86,17.36
12/12/2013,17.43,17.81,16.24,16.61
12/13/2013,16,17.26,15.78,17.23
12/16/2013,17.15,17.33,16.75,17.12
12/17/2013,17,17.65,16.36,17.06
12/18/2013,17.03,17.94,12.64,12.95
12/19/2013,11.97,12.89,11.35,12.78
12/20/2013,11.35,12.91,11.16,12.73
12/23/2013,12.73,12.96,11.92,12.23
12/24/2013,11.6,11.78,11.11,11.11
12/26/2013,11.49,11.67,10.6,10.92
12/27/2013,11.12,12.2,11.12,11.48
12/30/2013,12.51,13.23,12.5,12.99
12/31/2013,12.89,14.67,12.74,13.75
1/2/2014,14.52,14.87,13.82,13.83
1/3/2014,13.59,13.63,12.17,12.17
1/6/2014,12.46,13.53,12.04,12.51
1/7/2014,12.66,12.71,11.39,11.57
1/8/2014,11.95,12.08,11.59,11.62
1/9/2014,11.67,12.27,11.55,11.75
1/10/2014,10.95,11.55,9.97,9.97
1/13/2014,11.36,13.76,10.97,13.09
1/14/2014,12.62,12.62,11.11,11.31
1/15/2014,10.86,11.16,10.47,10.64
1/16/2014,11.05,11.49,10.82,11.09
1/17/2014,10.9,11.76,10.5,11.46
1/21/2014,12.03,13.54,12.03,12.46
1/22/2014,12.23,12.96,12.11,12.3
1/23/2014,13.51,15.67,13.51,14.21
1/24/2014,15.93,21.17,15.83,20.84
1/27/2014,19.96,21.85,18.42,19.04
1/28/2014,18.98,18.98,17.05,17.29
1/29/2014,20.76,21.06,17.57,19.4
1/30/2014,17.7,18.37,16.31,17.95
1/31/2014,20.02,20.11,17.73,19.32
2/3/2014,20.39,24.23,18.91,23.95
2/4/2014,21.78,21.91,19.36,20.37
2/5/2014,21.23,22.97,20.35,21.3
2/6/2014,20.14,20.14,18.03,18.67
2/7/2014,16.18,16.54,14.36,14.51
2/10/2014,15.11,15.31,13.77,14.22
2/11/2014,14.29,14.29,12.45,13.04
2/12/2014,12.86,13.38,12.41,12.67
2/13/2014,14.27,14.27,11.96,12.06
2/14/2014,12.14,12.14,10.76,10.84
2/18/2014,12.74,13.3,12.07,12.18
2/19/2014,12.69,14.07,12.15,13.9
2/20/2014,13.68,14.36,13.12,13.25
2/21/2014,13.08,13.39,12.6,13.04
2/24/2014,14.32,14.32,13.24,13.55
2/25/2014,13.34,14.44,12.81,12.86
2/26/2014,12.93,13.84,12.49,13.27
2/27/2014,13.44,13.76,12.42,12.42
2/28/2014,12.74,14.21,12.11,13.03
3/3/2014,17.12,17.74,15.27,16.21
3/4/2014,13.56,13.69,12.84,13.22
3/5/2014,13.18,13.52,12.49,12.49
3/6/2014,12.49,13.32,12.49,13.08
3/7/2014,12.09,13.72,12.09,12.74
3/10/2014,14.57,15.03,13.11,13.14
3/11/2014,13.4,14.57,12.77,14.13
3/12/2014,15.35,15.76,13.84,13.85
3/13/2014,13.79,18.16,13.65,17.21
3/14/2014,18.3,21.44,17.2,20.64
3/17/2014,18.34,18.34,15.87,15.87
3/18/2014,15.35,15.54,13.5,14.23
3/19/2014,14.26,16.36,11.79,15
3/20/2014,15.29,15.64,14.15,14.22
3/21/2014,12.92,15.12,12.65,14.7
3/24/2014,14.88,17.44,14.72,15.3
3/25/2014,13.94,15.4,13.24,13.87
3/26/2014,13.23,15.76,13.1,15.56
3/27/2014,15.33,16.46,14.87,15.17
3/28/2014,14.28,15.31,13.6,14.41
3/31/2014,14.09,14.33,13.27,13.75
4/1/2014,13.09,13.34,12.24,12.29
4/2/2014,12.39,12.63,11.88,12.13
4/3/2014,12.07,12.78,11.91,12.53
4/4/2014,11.63,14.33,11.31,13.18
4/7/2014,15.21,17.12,14.58,16.08
4/8/2014,16.16,17.03,14.37,14.51
4/9/2014,14.47,15.07,12.48,12.69
4/10/2014,13.15,17.36,12.73,16.5
4/11/2014,17.97,18.74,16.27,17.64
4/14/2014,16.44,17.91,15.95,16
4/15/2014,16.05,18.31,15.03,15.03
4/16/2014,14.07,15.2,13.3,13.52
4/17/2014,13.3,13.55,11.3,11.68
4/21/2014,14.03,14.14,12.94,12.99
4/22/2014,12.81,13.11,12.44,12.51
4/23/2014,12.69,13.41,12.61,12.67
4/24/2014,12.76,14.16,12.76,13.27
4/25/2014,14.07,15.44,13.42,13.94
4/28/2014,14.33,16.48,13.87,14.08
4/29/2014,13.89,14.64,13.39,13.63
4/30/2014,14.1,14.37,12.63,12.73
5/1/2014,12.88,13.08,11.93,12.58
5/2/2014,12.32,12.66,11.19,11.23
5/5/2014,13.42,13.78,11.93,12.25
5/6/2014,12.83,13.23,12.13,13.19
5/7/2014,12.7,14.39,12.53,12.82
5/8/2014,13.03,13.26,12.01,12.51
5/9/2014,12.61,13.34,11.06,11.17
5/12/2014,11.61,11.87,10.98,11.2
5/13/2014,11.35,11.41,10.5,10.75
5/14/2014,10.88,11.51,10.44,11.16
5/15/2014,11.38,14.09,11.38,13.35
5/16/2014,12.62,13.78,10.95,11
5/19/2014,12.5,12.61,10.96,11.01
5/20/2014,11.24,12.73,10.91,12.21
5/21/2014,11.18,11.42,10.43,10.47
5/22/2014,10.39,10.86,9.97,10.27
5/23/2014,10.42,10.55,9.47,9.49
5/27/2014,10.95,11.43,10.56,10.65
5/28/2014,10.81,11.2,10.46,10.58
5/29/2014,10.45,10.9,10.31,10.31
5/30/2014,10.43,10.58,9.72,9.73
6/2/2014,10.57,11.34,9.91,10.47
6/3/2014,10.82,11.13,10.16,11.01
6/4/2014,11.29,11.74,11.13,11.59
6/5/2014,11.52,11.85,10.38,10.88
6/6/2014,9.94,10.15,9.25,9.25
6/9/2014,10.48,10.54,9.75,9.77
6/10/2014,10.22,10.45,9.46,9.52
6/11/2014,10.23,10.6,9.84,10.45
6/12/2014,10.63,12.51,10.5,11.99
6/13/2014,11.9,12.23,11.39,11.48
6/16/2014,12.98,13.15,12.09,12.54
6/17/2014,12.78,12.93,12.05,12.68
6/18/2014,12.86,12.9,10.5,10.55
6/19/2014,10.18,10.41,9.5,10.07
6/20/2014,9.82,10.53,9.69,10.33
6/23/2014,11.38,11.62,9.03,10.27
6/24/2014,10.37,12.63,9.51,12.01
6/25/2014,12.68,12.7,10.79,11.11
6/26/2014,11.04,12.79,11,11.26
6/27/2014,11.31,11.67,10.56,10.65
6/30/2014,11.32,11.67,10.69,11.17
7/1/2014,10.6,10.7,9.89,10.05
7/2/2014,10.01,10.17,9.25,9.42
7/3/2014,8.52,9.4,8.44,8.54
7/7/2014,9.56,10.64,9.56,10.47
7/8/2014,10.85,12.63,10.5,11.64
7/9/2014,11.21,11.64,10.45,10.48
7/10/2014,13.53,13.58,11.54,12.08
7/11/2014,11.91,12.39,11.09,11.15
7/14/2014,11.02,11.26,10.48,10.62
7/15/2014,10.42,11.96,10.26,11.08
7/16/2014,9.97,10.79,9.81,10.26
7/17/2014,11.07,17.47,9.49,16.23
7/18/2014,13.5,14.12,11.99,12.05
7/21/2014,13.9,14.65,12.7,12.95
7/22/2014,11.49,11.79,11.19,11.54
7/23/2014,10.99,11.73,10.76,10.83
7/24/2014,10.49,11.28,10.49,10.88
7/25/2014,11.17,12.31,11.17,11.84
7/28/2014,12.98,14.22,11.78,12.02
7/29/2014,11.58,13.65,10.96,13.47
7/30/2014,12.38,14.97,12.26,13.29
7/31/2014,15.1,19.99,14.83,19.59
8/1/2014,18.9,20.06,16.95,19.01
8/4/2014,18.08,18.4,14.15,14.87
8/5/2014,15.72,18,14.74,17.18
8/6/2014,17.88,17.94,15.31,16.25
8/7/2014,15.26,18.18,14.94,16.76
8/8/2014,17.09,17.57,15.31,15.39
8/11/2014,15.69,15.71,13.95,14.84
8/12/2014,15.2,15.44,14.35,14.49
8/13/2014,13.33,13.84,12.51,12.63
8/14/2014,12.31,12.74,11.77,12.29
8/15/2014,11.56,17.06,11.55,14.34
8/18/2014,13.6,13.69,11.86,12.07
8/19/2014,11.58,11.97,10.9,11
8/20/2014,11.2,11.31,10.32,10.8
8/21/2014,11.04,11.4,10.77,10.94
8/22/2014,11.01,12.2,10.08,10.08
8/25/2014,10.26,10.74,10.1,10.42
8/26/2014,10.3,10.51,9.85,10.14
8/27/2014,9.99,10.45,9.81,9.89
8/28/2014,10.81,11.46,10.27,10.34
8/29/2014,10.23,11.11,9.89,10
9/2/2014,10.8,11.43,10.2,10.32
9/3/2014,9.85,11.03,9.85,10.83
9/4/2014,10.87,12.31,10.22,11.8
9/5/2014,11.2,12.2,10.26,10.27
9/8/2014,12.42,12.55,11.66,12.05
9/9/2014,12.72,14.08,12.21,13.33
9/10/2014,13.94,14.64,12.71,12.74
9/11/2014,14.15,14.16,12.05,12.07
9/12/2014,12.15,15.09,12.15,13.28
9/15/2014,14.58,15.71,14.56,15.27
9/16/2014,16.25,16.29,13.12,13.21
9/17/2014,13.1,14.04,10.62,11.81
9/18/2014,11.32,11.52,10.85,11.05
9/19/2014,10.09,11.56,10.02,10.41
9/22/2014,12.39,14.15,12.39,13.46
9/23/2014,15.06,15.7,13.59,15.6
9/24/2014,14.83,15.64,12.56,12.89
9/25/2014,13.62,17.85,13.57,15.94
9/26/2014,15.82,16.46,13.46,15.04
9/29/2014,19.24,19.4,15.62,16.11
9/30/2014,15.86,17.36,14.96,16.76
10/1/2014,16.92,18.67,16.16,16.72
10/2/2014,16.91,18.64,15.73,15.93
10/3/2014,14.43,15.04,13.81,13.86
10/6/2014,14.12,16.14,13.99,15.31
10/7/2014,16.39,17.85,15.84,16.9
10/8/2014,17.93,18.62,14.57,14.59
10/9/2014,15.5,22.55,15.12,21.62
10/10/2014,20.43,23.04,18.65,21.95
10/13/2014,23.29,27.25,21.41,27.22
10/14/2014,26.16,26.93,23.15,24.61
10/15/2014,30.18,39.62,26.95,31.12
10/16/2014,35.6,35.63,29.27,30.48
10/17/2014,25.29,26.98,22.37,23.81
10/20/2014,25.82,25.96,19.38,19.45
10/21/2014,18.13,18.3,16.38,16.38
10/22/2014,16.57,19.49,15.88,18.36
10/23/2014,15.77,17.72,15.29,16.12
10/24/2014,16.52,17.88,14.76,14.76
10/27/2014,17.93,18.54,16.01,16.09
10/28/2014,15.97,16.02,14.39,14.39
10/29/2014,15,17.06,14.23,14.9
10/30/2014,15.12,15.7,11.56,14
10/31/2014,13.8,15.02,13.64,13.8
11/3/2014,14.55,15.36,14.31,14.77
11/4/2014,15.02,15.97,14.73,14.81
11/5/2014,13.9,14.55,13.28,13.35
11/6/2014,13.71,14.45,12.65,12.65
11/7/2014,12.54,13.16,11.09,11.13
11/10/2014,11.65,13.03,11.32,11.32
11/11/2014,11.77,12.06,11.29,11.54
11/12/2014,13.14,16.44,11.38,11.39
11/13/2014,11.8,12.81,11.13,11.97
11/14/2014,11.72,12.88,11.3,11.35
11/17/2014,12.79,12.84,11.4,11.42
11/18/2014,11.2,11.51,10.43,11.49
11/19/2014,11.46,12.37,10.78,11.42
11/20/2014,12.15,12.19,10.78,10.91
11/21/2014,10.81,11.59,10.42,10.45
11/24/2014,11.56,11.85,11,11.15
11/25/2014,11.11,11.84,10.8,10.81
11/26/2014,11,11.57,10.82,11.12
11/28/2014,11.81,13.48,11.5,12.98
12/1/2014,14.34,15.39,14.04,14.63
12/2/2014,14.2,14.24,12.56,12.57
12/3/2014,12.53,12.69,11.87,12.16
12/4/2014,12.3,13.1,11.69,11.88
12/5/2014,11.53,12.62,10.32,10.7
12/8/2014,13.16,17.84,11.74,15.47
12/9/2014,18.93,20.62,15.15,15.27
12/10/2014,15.9,27.23,15.9,21.71
12/11/2014,20.1,22.08,16.93,22.08
12/12/2014,23.28,26.12,19.88,23.82
12/15/2014,21.16,25.47,20.23,21.16
12/16/2014,23.22,24.45,18.54,24.25
12/17/2014,23.8,24.56,17.7,18.04
12/18/2014,15.94,16.34,14.06,14.46
12/19/2014,14.23,14.57,13.02,13.77
12/22/2014,14.34,14.64,12.47,12.7
12/23/2014,11.87,12.43,10.93,11.1
12/24/2014,10.92,11.01,9.94,10.35
12/26/2014,11.45,12.54,11.12,12.09
12/29/2014,14.72,14.84,12.47,12.79
12/30/2014,13.98,14.28,13.18,13.86
12/31/2014,13.65,20.12,13.62,18.95
1/2/2015,16.85,20.19,16.01,16.47
1/5/2015,19.34,21.71,19.26,19.45
1/6/2015,19.88,22.96,18.62,20.53
1/7/2015,18.59,19.58,17.52,17.59
1/8/2015,15.97,16.37,15.04,15.04
1/9/2015,13.89,17.26,13.89,15.2
1/12/2015,16.86,20.1,16.81,18.2
1/13/2015,16.45,21.18,15.65,19.63
1/14/2015,23.55,23.77,21.2,21.23
1/15/2015,21.69,25.23,21.2,23.73
1/16/2015,23.98,24.91,21.48,21.48
1/20/2015,22.56,24.84,21.87,21.94
1/21/2015,22.62,23.39,20.19,20.36
1/22/2015,19,20.77,15.2,15.58
1/23/2015,16.34,16.89,14.47,16.08
1/26/2015,17.47,18.2,14.89,14.89
1/27/2015,18.22,19.12,16.39,17.56
1/28/2015,17.11,27.85,17,21.78
1/29/2015,21.59,22.97,18.78,18.78
1/30/2015,20.69,22.76,19.54,21.17
2/2/2015,21.47,24.12,19.14,19.39
2/3/2015,18.17,18.9,16.45,16.54
2/4/2015,17.22,17.49,15.41,17.48
2/5/2015,16.28,16.48,15.31,15.31
2/6/2015,14.69,16.97,13.79,14.93
2/9/2015,18.13,18.14,16.37,16.88
2/10/2015,15.62,16.54,14.66,15.2
2/11/2015,15.19,15.87,14.28,14.28
2/12/2015,13.36,13.93,12.36,12.36
2/13/2015,12.61,12.8,11.76,11.76
2/17/2015,14.11,14.86,12.95,13.55
2/18/2015,14.18,14.25,12.39,12.4
2/19/2015,13.18,13.47,12.2,12.34
2/20/2015,13.01,13.66,11.74,11.74
2/23/2015,13.43,13.68,12.15,12.16
2/24/2015,12.2,12.54,10.6,10.94
2/25/2015,11.1,12.18,10.44,11.64
2/26/2015,11.56,12.37,11.18,11.38
2/27/2015,11.67,11.88,10.6,10.6
3/2/2015,11.86,11.9,10.71,10.85
3/3/2015,11.35,12.99,11.21,11.81
3/4/2015,12.54,14.02,12.12,12.28
3/5/2015,12.24,12.87,11.97,12.16
3/6/2015,13.16,15.16,12.64,14.31
3/9/2015,15.64,15.64,13.95,14.2
3/10/2015,16.34,16.95,15.62,16.72
3/11/2015,16.39,17.13,16.12,16.78
3/12/2015,16.28,16.28,14.95,15.04
3/13/2015,14.93,16.9,14.92,15.25
3/16/2015,15.78,16.3,15.53,16.15
3/17/2015,16.95,17.48,16.22,16.72
3/18/2015,17.74,18.4,13.36,13.85
3/19/2015,14.16,14.58,12.66,12.89
3/20/2015,12.2,12.21,10.55,10.73
3/23/2015,12,12.03,11.33,12.03
3/24/2015,11.99,12.37,10.67,12.24
3/25/2015,12.13,15.43,12.05,15.28
3/26/2015,17.04,18.01,15.43,15.92
3/27/2015,15.89,16.04,14.64,14.69
3/30/2015,14.98,14.98,14.01,14.31
3/31/2015,15.31,15.89,13.51,15.5
4/1/2015,15.22,17.26,14.18,14.29
4/2/2015,14.54,14.75,13.11,13.91
4/6/2015,15.99,16.06,13.68,14.16
4/7/2015,13.88,14.05,12.96,13.9
4/8/2015,13.81,14.02,12.8,12.8
4/9/2015,13.04,13.56,11.41,11.41
4/10/2015,11.5,11.56,9.91,9.91
4/13/2015,11.28,12.79,10.95,12.49
4/14/2015,12.6,13.44,11.64,11.72
4/15/2015,11.56,11.59,10.51,10.59
4/16/2015,11.21,11.65,10.45,10.74
4/17/2015,12.6,14.44,12.21,12.91
4/20/2015,13.2,13.2,11.83,12.62
4/21/2015,11.99,12.96,11.9,12.58
4/22/2015,12.3,13.5,11.8,11.83
4/23/2015,12.49,12.49,11.28,11.84
4/24/2015,11.52,12.11,10.83,10.86
4/27/2015,11.75,13.07,11.75,12.72
4/28/2015,12.9,14.19,11.81,11.87
4/29/2015,13.54,14.99,12.49,13.26
4/30/2015,13.87,16.07,12.94,15.06
5/1/2015,13.98,14.09,11.75,11.77
5/4/2015,12.84,13.37,11.9,12.01
5/5/2015,12.74,14.75,12.04,14.64
5/6/2015,14.11,17.8,14.01,16.05
5/7/2015,16.48,17.09,15.27,15.59
5/8/2015,12.54,12.54,11.13,11.32
5/11/2015,12.82,13.41,12.11,13.41
5/12/2015,14.93,15.67,13.41,13.82
5/13/2015,13.28,14.06,12.43,13.49
5/14/2015,12.41,12.74,11.48,11.59
5/15/2015,11.12,12.11,10.68,10.77
5/18/2015,11.74,11.99,10.7,11.01
5/19/2015,11.22,11.74,10.49,11.15
5/20/2015,11.17,11.65,10.24,10.48
5/21/2015,11.04,11.05,9.8,9.95
5/22/2015,10.44,10.51,9.46,9.6
5/26/2015,12.47,14.27,12.13,13.32
5/27/2015,13.51,13.86,11.62,11.93
5/28/2015,12.39,13.63,12.22,12.23
5/29/2015,12.73,14.42,12.65,13.67
6/1/2015,14.05,15.66,12.96,13.85
6/2/2015,14.74,15.54,12.89,13.99
6/3/2015,13.04,13.9,12.34,12.7
6/4/2015,14.65,16.28,13.61,15.02
6/5/2015,15.24,16.29,13.68,13.7
6/8/2015,15.78,16.24,15.39,15.89
6/9/2015,15.93,16.39,14.77,15.05
6/10/2015,14.69,14.8,12.92,13.32
6/11/2015,12.96,13.04,12.14,12.38
6/12/2015,13.05,14.36,13.01,14.16
6/15/2015,17.09,17.47,16.08,16.68
6/16/2015,16.97,17.19,16.26,16.29
6/17/2015,16.06,17.27,14.26,15.22
6/18/2015,14.33,14.33,12.37,13.11
6/19/2015,13.03,14.32,12.67,14.32
6/22/2015,14.33,14.33,12.53,13.15
6/23/2015,12.64,12.95,11.9,12.17
6/24/2015,12.95,14.81,12.1,14.81
6/25/2015,13.75,15.34,13.67,15.13
6/26/2015,15.26,16.81,14.43,15.49
6/29/2015,19.34,23.54,17.78,22.56
6/30/2015,20.84,23.31,20.44,20.93
7/1/2015,18.93,19.2,17.17,17.23
7/2/2015,16.19,18.9,16.15,17.97
7/6/2015,20,20.07,16.65,16.65
7/7/2015,17.06,19.68,15.57,15.91
7/8/2015,17.66,21.64,17.57,20.96
7/9/2015,18.12,22.06,17.9,22.06
7/10/2015,18.33,19.11,17.11,17.24
7/13/2015,15.62,15.63,13.23,13.32
7/14/2015,13.15,13.28,11.46,12.18
7/15/2015,12.26,13.51,11.04,12.4
7/16/2015,10.91,10.93,10.01,10.35
7/17/2015,10.02,10.32,9.58,9.72
7/20/2015,10.75,11.35,10.04,11.1
7/21/2015,11.23,12.01,11,11.32
7/22/2015,12.01,12.07,11.18,11.2
7/23/2015,11.29,12.84,11,11.91
7/24/2015,12.04,15.55,12.04,13.05
7/27/2015,16.53,17.74,15.66,16.61
7/28/2015,15.66,16.59,13.46,13.62
7/29/2015,14.06,14.12,11.8,12.18
7/30/2015,12.62,13.75,11.06,11.06
7/31/2015,10.94,11.83,10.49,10.67
8/3/2015,12.19,13.75,11.61,12.12
8/4/2015,12.21,12.82,11.72,12.42
8/5/2015,10.87,12,10.24,11.51
8/6/2015,11.42,14.44,11.33,13.66
8/7/2015,13.39,14.65,13.04,13.04
8/10/2015,12.76,12.76,11.35,11.44
8/11/2015,13.3,15.1,12.56,14.13
8/12/2015,16.61,18.53,13.88,14.27
8/13/2015,14.02,14.98,12.66,13.63
8/14/2015,13.52,13.88,11.77,11.77
8/17/2015,14.07,14.49,11.17,11.29
8/18/2015,11.68,12.52,11.23,12.14
8/19/2015,13.71,15.68,12.08,14.34
8/20/2015,16.71,21.44,15.96,20.88
8/21/2015,25.78,39.3,23.23,38.96
8/24/2015,38.96,81.94,36.5,54.61
8/25/2015,39.5,47.51,32.98,44.92
8/26/2015,38.53,45.75,35.48,37.88
8/27/2015,32.27,34.61,27.29,28.89
8/28/2015,29.51,32.65,27.11,27.11
8/31/2015,29.5,31.83,26.18,28.26
9/1/2015,33.06,34.37,29.31,31.21
9/2/2015,28.37,29.41,23.15,24.26
9/3/2015,23.75,25.06,21.55,23.99
9/4/2015,26.67,29.4,24.9,26.88
9/8/2015,25.55,27.48,24.36,24.42
9/9/2015,24.3,29.1,24.3,27.9
9/10/2015,28.62,30.24,26.11,26.11
9/11/2015,27.31,28.02,23.28,23.43
9/14/2015,26.41,27.48,25.26,25.52
9/15/2015,25.38,25.87,23.49,24.62
9/16/2015,24.82,25.23,23.12,23.75
9/17/2015,24.68,26.04,17.5,22.25
9/18/2015,23.95,24.61,21.2,21.78
9/21/2015,22.69,23.06,19.6,19.61
9/22/2015,24.21,25.69,23.12,23.45
9/23/2015,23.49,24,21.45,22.46
9/24/2015,25.03,26.83,22.63,24.22
9/25/2015,21.31,24.78,21.23,22.89
9/28/2015,26.69,31.13,25.61,30.26
9/29/2015,29.55,31.06,27.96,28.56
9/30/2015,26.24,27.37,24.48,25.7
10/1/2015,22.84,24.94,21.91,21.93
10/2/2015,24.14,24.51,19.21,19.35
10/5/2015,19.88,20.61,18.56,19.02
10/6/2015,18.82,19.8,17.74,18.19
10/7/2015,17.19,18.54,16.32,16.39
10/8/2015,16.96,17.49,15.06,15.47
10/9/2015,14.89,16.58,14.2,14.27
10/12/2015,16.17,16.43,14.51,14.73
10/13/2015,15.99,16.66,14.48,16.53
10/14/2015,16.45,18.19,15.93,16.9
10/15/2015,16.72,17.22,13.84,13.85
10/16/2015,13.7,14.55,12.86,12.89
10/19/2015,14.88,15.26,13.64,13.87
10/20/2015,14.79,15.68,13.94,15.01
10/21/2015,14.58,16.7,14.18,16.67
10/22/2015,15.19,15.72,13.1,13.1
10/23/2015,13.57,14.57,12.79,13.15
10/26/2015,14.61,15.64,14.53,15.2
10/27/2015,16.28,16.75,15.39,16.31
10/28/2015,16.12,21.12,14.02,14.57
10/29/2015,15.26,16.15,14.26,14.54
10/30/2015,14.55,15.28,13.31,14.31
11/2/2015,15.38,15.38,12.94,13.68
11/3/2015,13.92,14.08,12.84,13.81
11/4/2015,12.96,15.75,12.87,14.76
11/5/2015,14.81,16.33,14.2,14.22
11/6/2015,13.59,15.4,12.54,12.6
11/9/2015,14.88,17.87,14.75,16.39
11/10/2015,16.74,17.2,14.1,14.29
11/11/2015,14.16,15.68,14.08,15.6
11/12/2015,16.77,18.39,15.87,18.39
11/13/2015,18.77,21.34,18.2,20.43
11/16/2015,21.11,21.2,16.29,16.81
11/17/2015,16.5,18.32,15.32,17.02
11/18/2015,16.56,16.58,13.33,13.33
11/19/2015,13.37,14.28,13.16,13.62
11/20/2015,12.98,13.44,12.4,12.4
11/23/2015,14.83,15.1,13.45,14.07
11/24/2015,16.06,17.06,14.39,14.54
11/25/2015,14.49,15.05,14.14,14.35
11/27/2015,14.75,15.8,13.94,14.21
11/30/2015,15.19,17.37,15.15,16.6
12/1/2015,15.57,16.78,13.95,13.99
12/2/2015,14.54,17.1,13.96,15.97
12/3/2015,16.01,20.57,15.97,18.71
12/4/2015,17.42,17.81,13.64,13.65
12/7/2015,15.94,18.07,15.88,16
12/8/2015,19.02,20.09,17.52,18.81
12/9/2015,19.77,22.99,18.08,22.07
12/10/2015,21.48,22.08,19.16,20.42
12/11/2015,23.34,29.88,22.94,28
12/14/2015,30.71,34.18,25.28,25.78
12/15/2015,24.04,24.04,22.29,23.05
12/16/2015,22.38,24.7,17.87,18.81
12/17/2015,15.9,19.5,15.85,18.88
12/18/2015,18.91,20.16,18.22,19.38
12/21/2015,19.16,19.53,17.55,17.55
12/22/2015,16.34,17.07,14.73,15.06
12/23/2015,14.39,14.95,13.2,13.64
12/24/2015,13.55,13.75,12.97,13.47
12/28/2015,16.76,17.42,15.76,15.79
12/29/2015,14.73,16.33,14.35,14.74
12/30/2015,15.01,16.22,15.01,15.96
12/31/2015,16.94,18.1,16.19,17.52
1/4/2016,24.72,25.79,21.34,21.93
1/5/2016,21.73,22.09,19.08,19.37
1/6/2016,22.37,22.77,20.11,20.6
1/7/2016,24.16,27.58,23.63,26.19
1/8/2016,23,28.3,22.58,27.98
1/11/2016,26.68,28.34,23.47,24.21
1/12/2016,23.06,23.75,21.42,22.3
1/13/2016,21.48,26.87,21.08,25.57
1/14/2016,25.21,27.53,23.68,24.63
1/15/2016,32.1,35.47,28.96,29.6
1/19/2016,28.83,32.52,28.43,30.43
1/20/2016,34.12,38.55,31.27,32.85
1/21/2016,32.4,33.67,28.2,29.99
1/22/2016,26.17,26.29,22.55,22.59
1/25/2016,25.03,26.32,23.48,26.04
1/26/2016,25.75,26,24.06,24.25
1/27/2016,25.22,26.85,23.51,24.51
1/28/2016,23.4,25.26,22.79,23.4
1/29/2016,22.47,22.48,18.85,19.37
2/1/2016,21.62,22.3,19.25,19.68
2/2/2016,21.59,23.06,21.35,22.19
2/3/2016,21.71,25.2,21.67,22.35
2/4/2016,23.21,23.97,21.56,21.75
2/5/2016,21.7,23.87,21.56,22.96
2/8/2016,26.57,28.88,25.99,26.4
2/9/2016,29.78,30.28,26.01,26.84
2/10/2016,25.64,26.25,23.96,25.53
2/11/2016,29.57,30.04,27.16,27.36
2/12/2016,26,26.49,22.15,22.71
2/16/2016,23.96,24.61,21.56,21.81
2/17/2016,20.98,21.54,20.07,20.27
2/18/2016,20.25,20.7,18.71,19.53
2/19/2016,20.57,21.15,18.18,18.22
2/22/2016,19.54,19.7,17.8,18.39
2/23/2016,19.04,21.16,18.66,20.69
2/24/2016,22.59,23.34,20.47,20.72
2/25/2016,20.47,21.37,17.79,17.79
2/26/2016,17.69,19.22,17.69,18.56
2/29/2016,20.57,20.78,18.77,20.36
3/1/2016,19.6,20,16.92,17.04
3/2/2016,17.55,18.18,15.03,15.78
3/3/2016,16.24,16.74,15.53,15.91
3/4/2016,15.83,16.72,14.86,15.86
3/7/2016,18.6,18.74,17.14,17.66
3/8/2016,19.33,19.73,18.45,19.17
3/9/2016,19.2,19.95,18.72,18.79
3/10/2016,18.33,19.86,16.98,17.66
3/11/2016,16.37,16.72,15.18,15.2
3/14/2016,16.54,17.19,15.66,15.99
3/15/2016,16.97,17.25,16.21,16.46
3/16/2016,17.2,17.2,14.02,14.07
3/17/2016,14.4,14.4,12.44,13.05
3/18/2016,12.76,13,12.32,12.47
3/21/2016,14.01,14.27,12.47,12.77
3/22/2016,13.89,14.12,12.64,13.14
3/23/2016,13.47,13.9,13.17,13.36
3/24/2016,15.27,15.42,12.33,12.35
3/28/2016,14.59,15.08,13.5,14.07
3/29/2016,14.7,14.94,12.06,12.17
3/30/2016,12.15,12.34,11.39,11.87
3/31/2016,12.09,12.79,11.67,12.25
4/1/2016,13.82,13.84,10.72,10.92
4/4/2016,12.4,12.89,11.82,12.5
4/5/2016,14.23,14.53,13.48,13.96
4/6/2016,14.43,14.69,12.15,12.56
4/7/2016,14.09,16.15,13.4,15.2
4/8/2016,14.09,14.53,12.97,13.59
4/11/2016,14.28,15.6,13.64,15.59
4/12/2016,15.2,16.02,13.71,13.71
4/13/2016,13.59,13.59,12.3,12.45
4/14/2016,12.76,12.91,11.84,12.32
4/15/2016,12.52,12.98,12.18,12.2
4/18/2016,14.5,14.5,12.7,12.86
4/19/2016,12.96,13.76,12.69,12.86
4/20/2016,12.41,13.04,12.19,12.8
4/21/2016,12.9,13.63,12.78,13.18
4/22/2016,13.29,13.43,11.73,11.93
4/25/2016,14.07,14.49,13.53,13.62
4/26/2016,13.54,14.06,13.14,13.5
4/27/2016,14.12,14.64,12.42,12.81
4/28/2016,13.76,15.05,12.18,14.55
4/29/2016,15.33,17.07,14.77,14.79
5/2/2016,15.85,15.9,13.59,13.77
5/3/2016,15.48,16.37,14.6,15.17
5/4/2016,16.28,16.72,15.32,15.47
5/5/2016,15.4,16.16,15.02,15.37
5/6/2016,15.67,15.74,13.2,13.38
5/9/2016,14.85,14.98,13.51,13.86
5/10/2016,13.19,13.32,12.75,12.8
5/11/2016,12.71,13.75,12.55,13.75
5/12/2016,13.01,15.16,12.91,13.46
5/13/2016,13.75,14.68,12.66,14.15
5/16/2016,15.91,15.91,13.24,13.59
5/17/2016,14,15.93,13.5,15.11
5/18/2016,15.45,16.5,14.15,15.34
5/19/2016,16.32,17.48,15.28,15.28
5/20/2016,14.66,14.66,12.62,12.73
5/23/2016,14.49,14.49,13.15,13.6
5/24/2016,13.17,13.22,11.75,11.91
5/25/2016,11.73,11.75,11.24,11.41
5/26/2016,11.41,11.83,10.46,10.46
5/27/2016,10.69,11.16,9.73,9.77
5/31/2016,11.66,13.05,11.45,11.85
6/1/2016,12.86,13.26,11.6,11.61
6/2/2016,12.51,12.73,10.99,11.01
6/3/2016,11.47,12.27,9.97,10.11
6/6/2016,11.68,12.01,11.03,11.26
6/7/2016,11.27,11.65,10.98,11.56
6/8/2016,11.54,11.68,10.61,10.89
6/9/2016,12.05,12.42,11.9,12.23
6/10/2016,14.22,16.37,14.11,15.83
6/13/2016,19.94,23.13,19.17,22.94
6/14/2016,24.91,25.46,21.97,23.35
6/15/2016,23.45,23.72,18.71,22.6
6/16/2016,24.86,26.94,21.48,21.89
6/17/2016,22.16,22.81,21.21,22
6/20/2016,20.51,22.59,19.61,22.21
6/21/2016,21.9,23.13,21.45,22.47
6/22/2016,22.97,27.93,22.19,27.86
6/23/2016,22.96,23.56,20.89,21.13
6/24/2016,29.89,31.34,23.34,30.71
6/27/2016,30.04,30.86,24.08,25.06
6/28/2016,22.12,22.12,18.74,19.08
6/29/2016,17.64,17.73,14.97,15.86
6/30/2016,15.22,15.5,12.86,14.05
7/1/2016,13.11,13.17,11.82,11.85
7/5/2016,14.73,15.33,14.02,14.19
7/6/2016,15.44,16.19,13.15,13.18
7/7/2016,13.21,14.37,12.49,13.11
7/8/2016,11.74,12.07,11.15,11.43
7/11/2016,12.21,12.76,11.98,12.23
7/12/2016,11.6,12.87,11.6,12.25
7/13/2016,12.32,12.61,10.91,11.11
7/14/2016,11.76,11.77,10.61,10.93
7/15/2016,10.66,10.91,9.71,10.26
7/18/2016,11.68,11.73,10.93,10.99
7/19/2016,11.26,11.8,10.96,11.02
7/20/2016,10.8,11.09,10.24,10.43
7/21/2016,10.8,12.24,10.41,11.5
7/22/2016,11.33,11.58,10.02,10.22
7/25/2016,12.04,13.09,11.87,11.93
7/26/2016,12.24,12.91,11.83,11.98
7/27/2016,11.7,13.09,11.18,11.61
7/28/2016,11.84,12.54,11.32,11.79
7/29/2016,11.14,11.5,9.9,10.01
8/1/2016,11.33,11.97,10.72,11.1
8/2/2016,11.55,13.53,11.47,12.35
8/3/2016,12.65,13.02,11.1,11.29
8/4/2016,11.03,11.46,10.43,10.8
8/5/2016,9.92,9.96,9,9.18
8/8/2016,10.65,10.65,10.05,10.1
8/9/2016,9.87,10.78,9.36,10.49
8/10/2016,10.41,11.27,10.28,10.68
8/11/2016,10.32,10.54,9.67,9.74
8/12/2016,10.42,10.42,9.26,9.54
8/15/2016,10.44,10.45,9.62,9.72
8/16/2016,10.34,11.21,10.22,10.87
8/17/2016,10.98,13.21,10.57,10.76
8/18/2016,10.85,11.16,9.71,9.9
8/19/2016,10.37,10.99,9.25,9.4
8/22/2016,11.98,12.14,10.71,10.95
8/23/2016,10.39,11.38,10.18,11.37
8/24/2016,11.58,13.81,11.43,12.67
8/25/2016,13.34,13.53,12.21,12.77
8/26/2016,12.66,14.09,10.38,12.1
8/29/2016,13.32,13.34,11.1,11.14
8/30/2016,10.85,11.9,10.85,11.21
8/31/2016,11.3,13.09,11.2,11.64
9/1/2016,11.78,13.79,11.57,11.89
9/2/2016,9.71,10.14,9.02,9.1
9/6/2016,10.47,11.18,9.9,9.98
9/7/2016,10.23,10.53,9.8,9.8
9/8/2016,10.64,11.15,10.48,10.99
9/9/2016,12.94,18.8,12.92,18.78
9/12/2016,23.36,23.51,15.58,16.03
9/13/2016,17.71,21.4,17.53,19.55
9/14/2016,19.58,19.88,17.56,19.38
9/15/2016,18.93,19.13,16.39,17
9/16/2016,17.32,17.86,15.27,15.27
9/19/2016,16.03,16.95,15.24,16.31
9/20/2016,15.9,17.38,15.77,17.22
9/21/2016,16.13,17.88,12.63,12.83
9/22/2016,11.45,11.66,10.44,10.79
9/23/2016,11.35,11.96,10.76,11.39
9/26/2016,14.45,15.82,13.96,15.67
9/27/2016,15.92,15.92,12.7,12.8
9/28/2016,12.5,13.5,11.53,11.72
9/29/2016,12.03,16.94,11.21,14.71
9/30/2016,13.37,14.31,11.65,12.37
10/3/2016,13.93,14.27,12.8,13
10/4/2016,12.55,14.45,11.95,12.95
10/5/2016,12.38,12.53,11.59,12.03
10/6/2016,12.43,13.04,11.41,11.47
10/7/2016,11.32,13.16,11.23,11.47
10/10/2016,11.28,11.43,10.57,10.81
10/11/2016,11.53,15.34,11.53,13.34
10/12/2016,13.62,14.27,12.61,13.16
10/13/2016,15.2,16.06,13.68,14.07
10/14/2016,12.52,13.38,11.89,12.94
10/17/2016,14.38,14.99,13.69,13.81
10/18/2016,12.86,13.3,12.13,12.45
10/19/2016,11.77,12.26,11.36,11.97
10/20/2016,12.09,12.3,11.03,11.07
10/21/2016,11.94,12.1,10.56,10.68
10/24/2016,11.08,11.57,11,11.35
10/25/2016,11.73,12.52,11.57,11.9
10/26/2016,13.11,13.61,12.23,12.58
10/27/2016,12.56,14.62,12.56,14.59
10/28/2016,14.87,18.64,13.8,16.69
10/31/2016,19.23,20.91,18.92,20.19
11/1/2016,20.74,25.76,20.73,22.86
11/2/2016,24.15,24.88,23.25,24.16
11/3/2016,24.12,28.77,24,27.9
11/4/2016,27.95,29.79,27.21,28.82
11/7/2016,25.99,25.99,23.42,24.67
11/8/2016,26.36,26.72,22.54,25.31
11/9/2016,20.18,20.28,15.36,15.36
11/10/2016,14.12,17.32,13.1,14.12
11/11/2016,14.54,15.7,12.68,12.84
11/14/2016,13.93,14.38,12.3,12.51
11/15/2016,12.18,12.19,10.16,10.64
11/16/2016,11.44,11.51,9.3,9.52
11/17/2016,9.47,9.75,8.98,9.38
11/18/2016,9.6,9.62,8.61,8.63
11/21/2016,10.19,10.39,9.47,10
11/22/2016,10.04,10.73,9.97,10.2
11/23/2016,10.44,10.87,9.88,10.06
11/25/2016,10.92,11.09,10.33,10.43
11/28/2016,12.76,12.89,12.19,12.86
11/29/2016,13.05,13.67,12.21,12.64
11/30/2016,12.26,13.51,12.05,13.23
12/1/2016,13.25,15.13,13.21,13.96
12/2/2016,14.14,14.21,12.8,13.64
12/5/2016,12.97,13.03,11.41,11.41
12/6/2016,10.91,11.43,10.42,10.84
12/7/2016,10.61,11.89,9.95,11.79
12/8/2016,11.14,13.05,10.89,12.92
12/9/2016,12.46,12.77,10.96,11.1
12/12/2016,12.19,12.61,12.14,12.25
12/13/2016,12.02,13.45,12.02,12.25
12/14/2016,12.65,13.09,11.59,12.84
12/15/2016,12.5,12.91,11.53,11.85
12/16/2016,11.78,11.99,10.62,10.67
12/19/2016,11.38,11.41,9.91,9.95
12/20/2016,9.98,9.99,9.64,9.85
12/21/2016,9.42,9.8,9.31,9.33
12/22/2016,9.37,9.87,9.12,9.34
12/23/2016,9.6,9.64,8.89,8.98
12/27/2016,10.07,10.31,9.94,10.22
12/28/2016,10.16,11.53,10.08,11.22
12/29/2016,11.65,12.21,11.22,11.64
12/30/2016,11.73,14.12,11.56,12.68
1/3/2017,13.63,13.69,11.97,11.99
1/4/2017,11.49,11.67,10.38,10.68
1/5/2017,10.89,10.94,9.66,9.95
1/6/2017,9.7,9.94,9.06,9.19
1/9/2017,10.34,10.51,9.44,9.44
1/10/2017,9.43,9.56,8.88,8.88
1/11/2017,9.5,10.07,8.86,8.88
1/12/2017,9.57,11.27,9.17,9.32
1/13/2017,9.26,9.27,8.44,8.99
1/17/2017,10.97,11.55,10.55,10.85
1/18/2017,11.2,11.69,10.63,11.29
1/19/2017,10.91,12.68,10.85,11.5
1/20/2017,11.02,11.71,9.69,9.72
1/23/2017,11.31,12.49,10.75,10.92
1/24/2017,10.8,10.89,10.01,10.08
1/25/2017,10.08,10.44,9.74,10.06
1/26/2017,10.23,10.48,9.58,9.71
1/27/2017,9.88,9.94,9.11,9.36
1/30/2017,10.99,13.15,10.99,11.66
1/31/2017,12.27,13.22,11.7,11.77
2/1/2017,11.13,12.09,10.83,12.04
2/2/2017,12.4,12.84,10.85,11.16
2/3/2017,9.88,10.16,9.09,9.19
2/6/2017,10.89,10.89,9.82,10.17
2/7/2017,9.98,10.02,9.25,9.47
2/8/2017,9.86,10.09,9.33,9.6
2/9/2017,9.35,9.35,8.84,8.85
2/10/2017,8.83,9.25,8.67,9.02
2/13/2017,9.63,9.8,9.27,9.32
2/14/2017,9.44,9.54,8.85,8.94
2/15/2017,9.59,10.39,8.66,10.26
2/16/2017,10.48,11.7,9.9,10.02
2/17/2017,10.48,10.61,8.67,9.03
2/21/2017,10.81,11.05,10.14,10.22
2/22/2017,10.64,10.79,10.04,10.39
2/23/2017,10.47,11.41,10.12,10.15
2/24/2017,11.28,11.3,9.34,9.41
2/27/2017,10.53,10.96,10.08,10.83
2/28/2017,11.08,12.01,10.73,11.89
3/1/2017,10.52,11.43,10.32,10.57
3/2/2017,10.98,10.99,9.12,9.6
3/3/2017,9.8,9.82,8.55,8.56
3/6/2017,10.22,10.38,9.58,9.67
3/7/2017,9.74,10.25,9.29,10.23
3/8/2017,10.16,10.91,10.11,10.91
3/9/2017,11.24,11.8,10.76,11.78
3/10/2017,11.13,11.41,10.46,10.67
3/13/2017,11.68,11.68,10.62,10.78
3/14/2017,11.46,12.49,11.27,11.78
3/15/2017,11.83,11.87,9.96,10.76
3/16/2017,10.3,10.31,9.34,9.74
3/17/2017,9.62,9.89,9.01,9.87
3/20/2017,10.73,10.8,9.81,10.23
3/21/2017,9.7,14.45,9.62,14.23
3/22/2017,14.19,14.8,12.96,14.51
3/23/2017,14.61,15.52,13.2,15.14
3/24/2017,14.24,16.7,12.97,13.43
3/27/2017,16.36,16.36,12.04,12.12
3/28/2017,12.21,12.21,10.18,10.51
3/29/2017,10.58,10.59,9.24,10.08
3/30/2017,10,10.02,9.17,9.58
3/31/2017,9.87,10.14,9.27,9.66
4/3/2017,10.76,12.21,10.04,10.16
4/4/2017,10.85,10.85,9.4,9.51
4/5/2017,9.01,11.89,8.69,11.89
4/6/2017,11.02,11.1,9.6,10.27
4/7/2017,10.88,11.69,9.94,10.06
4/10/2017,10.62,10.69,9.73,10.36
4/11/2017,10.77,12.17,10.53,10.54
4/12/2017,10.71,11.62,10.33,10.91
4/13/2017,11.76,12.88,10.7,12.75
4/17/2017,14.91,14.95,12.96,13.44
4/18/2017,14.83,15.84,14.04,14.2
4/19/2017,13.73,16.59,13.52,16.2
4/20/2017,15.69,16.79,14.66,15.83
4/21/2017,16.03,18.55,15.89,17.09
4/24/2017,11.28,11.73,9.91,9.96
4/25/2017,9.83,10.59,9.62,9.8
4/26/2017,9.91,10.24,9.33,9.79
4/27/2017,9.81,10.58,9.08,9.24
4/28/2017,9.34,9.92,9.2,9.42
5/1/2017,10.85,10.86,9.38,9.49
5/2/2017,9.85,10.57,9.78,10.49
5/3/2017,11.09,11.56,10.4,10.78
5/4/2017,10.87,12.09,10.67,11.04
5/5/2017,10.48,11.97,10.29,11.44
5/8/2017,9.85,9.85,8.91,9.09
5/9/2017,9.26,9.64,8.91,9.31
5/10/2017,9.45,9.45,8.85,9.43
5/11/2017,9.82,11.18,9.63,10.35
5/12/2017,10.12,10.31,9.16,9.4
5/15/2017,9.96,9.96,8.9,9.16
5/16/2017,8.89,9.14,8.56,8.96
5/17/2017,11.96,20.22,11.51,20.17
5/18/2017,19.43,19.58,15.69,16.67
5/19/2017,13.17,13.18,10.29,10.98
5/22/2017,10.85,10.85,9.25,9.39
5/23/2017,9.08,9.86,9.08,9.32
5/24/2017,9.21,9.55,8.52,8.56
5/25/2017,8.57,8.99,7.81,8.12
5/26/2017,8.69,8.85,7.51,7.6
5/30/2017,9.47,9.54,8.56,9.04
5/31/2017,8.9,9.91,8.45,8.71
6/1/2017,8.64,9.14,8.22,8.5
6/2/2017,8.65,9.01,8.18,8.47
6/5/2017,9.9,9.96,9.13,9.69
6/6/2017,10.35,10.59,9.92,10.39
6/7/2017,10.44,10.99,10.13,10.13
6/8/2017,10.03,10.35,9.33,9.62
6/9/2017,8.98,12.47,8.35,10.37
6/12/2017,11.8,13.22,11.3,11.35
6/13/2017,10.4,10.44,9.28,9.35
6/14/2017,9.46,10.31,8.74,9.91
6/15/2017,11.58,11.86,9.61,10.14
6/16/2017,9.65,10.33,8.17,8.33
6/19/2017,8.87,8.94,8.13,8.52
6/20/2017,8.77,10.08,8.61,9.42
6/21/2017,9.39,10.2,9.07,9.56
6/22/2017,9.66,10.24,8.79,9.23
6/23/2017,9.11,9.59,8.06,8.38
6/26/2017,8.62,9.32,8.2,8.7
6/27/2017,9.05,10.93,8.52,10.5
6/28/2017,9.35,9.92,8.32,8.49
6/29/2017,8.88,17.68,8.76,11.37
6/30/2017,10.31,11,9.41,9.93
7/3/2017,9.75,10.46,9.14,10.21
7/5/2017,10.18,11.35,9.18,9.65
7/6/2017,11.07,12.3,10.32,11.53
7/7/2017,10.97,11.03,9.07,9.26
7/10/2017,10.85,10.85,9.44,9.9
7/11/2017,10.1,11.27,9.33,9.37
7/12/2017,8.69,8.83,8.02,8.06
7/13/2017,8.58,8.59,8.01,8.01
7/14/2017,8.09,8.18,7.55,7.55
7/17/2017,8.53,8.67,8.28,8.39
7/18/2017,9.18,9.24,8.21,8.44
7/19/2017,8.4,8.4,7.74,7.85
7/20/2017,8.02,9.02,7.59,7.69
7/21/2017,7.85,8.12,6.99,7.1
7/24/2017,8.25,8.31,7.45,7.64
7/25/2017,7.57,8.02,7.45,7.87
7/26/2017,7.96,8.19,7.79,8.07
7/27/2017,7.84,11.65,7.59,9.03
7/28/2017,9.99,10.38,8.34,8.55
7/31/2017,9.54,9.98,8.99,9.43
8/1/2017,9.41,9.71,8.75,8.93
8/2/2017,8.68,9.56,8.4,8.68
8/3/2017,8.91,9.33,8.38,9.31
8/4/2017,8.49,8.82,8.06,8.58
8/7/2017,9.29,9.32,8.28,8.43
8/8/2017,8.76,11.47,8,10.5
8/9/2017,12.8,13.41,10.6,10.72
8/10/2017,13.98,18.27,13.54,17.83
8/11/2017,16.1,17.2,14.34,15.53
8/14/2017,12.39,12.39,11.26,11.63
8/15/2017,10.94,11.55,10.01,10.41
8/16/2017,10.26,10.52,9.02,9.73
8/17/2017,11.01,15.98,10.34,15.77
8/18/2017,15.21,16.1,12.39,13.17
8/21/2017,14.37,14.5,12.48,12.48
8/22/2017,11.9,11.93,9.92,9.92
8/23/2017,11.41,11.41,10.1,11.14
8/24/2017,10.5,11.79,10.32,10.33
8/25/2017,10.18,10.23,8.88,8.97
8/28/2017,9.46,10.27,9.34,9.45
8/29/2017,12.65,12.65,9.57,9.81
8/30/2017,10,10.26,8.94,9.15
8/31/2017,8.89,9.07,8.53,8.66
9/1/2017,8.37,8.66,7.87,7.94
9/5/2017,10.39,13.68,10.26,11.34
9/6/2017,10.69,11.58,9.75,10.22
9/7/2017,10.32,10.96,9.75,9.75
9/8/2017,10.94,11.96,9.8,11.29
9/11/2017,9.76,9.76,9,9.01
9/12/2017,9.14,9.5,8.88,9.25
9/13/2017,9.4,9.41,9.02,9.38
9/14/2017,9.57,9.81,8.9,9.29
9/15/2017,9.24,9.24,7.88,8.3
9/18/2017,9.41,9.45,8.71,8.72
9/19/2017,8.71,9.13,8.62,9.09
9/20/2017,8.92,10.24,8.85,8.95
9/21/2017,9.05,9.43,8.26,8.44
9/22/2017,8.92,8.92,7.87,7.98
9/25/2017,9.23,10.43,8.61,9.21
9/26/2017,9.12,9.99,8.79,9.34
9/27/2017,8.88,9.55,8.73,9.03
9/28/2017,9.27,9.38,8.39,8.39
9/29/2017,8.41,8.65,7.74,7.95
10/2/2017,9.01,9.13,8.12,8.18
10/3/2017,8.24,8.45,7.84,8.04
10/4/2017,8.41,8.59,7.99,8.02
10/5/2017,8.14,8.19,7.61,7.81
10/6/2017,7.97,8.72,7.59,7.88
10/9/2017,8.99,9.38,8.49,9.34
10/10/2017,9.17,9.54,8.72,8.72
10/11/2017,8.66,8.75,8.09,8.32
10/12/2017,8.73,8.92,8.18,8.34
10/13/2017,8.24,8.28,7.76,8.03
10/16/2017,8.61,8.72,8.37,8.46
10/17/2017,8.52,8.8,8.36,8.69
10/18/2017,8.58,8.61,8,8.37
10/19/2017,10,10.41,8.58,8.88
10/20/2017,8.81,8.84,8.03,8.41
10/23/2017,9.32,10.77,8.84,10.77
10/24/2017,10.01,10.62,9.77,10.48
10/25/2017,10.72,13.64,10.43,11.09
10/26/2017,10.56,11.35,10.23,10.69
10/27/2017,10.08,10.25,8.58,8.61
10/30/2017,9.91,10.23,9.1,9.81
10/31/2017,9.28,9.57,9.08,9.32
11/1/2017,8.92,9.66,6.69,9.29
11/2/2017,9.35,10.44,8.3,8.54
11/3/2017,8.26,8.51,7.63,7.84
11/6/2017,8.83,8.83,8.01,8.09
11/7/2017,8.13,9.38,8.05,8.83
11/8/2017,9.01,9.27,7.91,8.28
11/9/2017,9.84,12.97,9,9.65
11/10/2017,10.31,11.12,9.59,10.31
11/13/2017,11.2,11.29,9.25,9.84
11/14/2017,10.64,11.92,9.7,9.73
11/15/2017,12.44,13.66,10.41,11.73
11/16/2017,10.18,10.18,8.21,8.74
11/17/2017,8.58,8.73,7.94,8.49
11/20/2017,9.38,9.43,8.31,8.6
11/21/2017,8.37,8.37,7.61,7.97
11/22/2017,7.91,7.99,7.62,7.87
11/24/2017,8.37,8.41,7.67,7.87
11/27/2017,9.2,9.25,8.69,9
11/28/2017,8.95,9.68,8.67,9.18
11/29/2017,9.24,10.64,9.24,10.16
11/30/2017,10.42,13.07,10.16,11.38
12/1/2017,11.85,17.68,11.21,11.98
12/4/2017,11.91,12.67,10.21,12.21
12/5/2017,12.01,12.01,10.28,11.11
12/6/2017,11.5,11.64,10.74,10.9
12/7/2017,11.16,11.32,9.42,9.51
12/8/2017,9.6,9.6,8.41,8.44
12/11/2017,9.35,9.37,8.67,8.79
12/12/2017,9.07,9.36,8.87,9.24
12/13/2017,9.43,9.43,7.65,9.35
12/14/2017,9.25,9.89,8.51,9.87
12/15/2017,8.87,8.89,8.14,8.25
12/18/2017,8.81,9,7.52,8.05
12/19/2017,8.1,9.03,8.07,9.03
12/20/2017,7.98,8.74,7.85,8.34
12/21/2017,8.05,8.21,7.58,7.63
12/22/2017,7.61,7.94,7.15,7.51
12/26/2017,8.92,8.93,8.3,8.48
12/27/2017,8.46,10.27,7.64,9.71
12/28/2017,9.32,9.43,8.91,9.27
12/29/2017,9.13,10.42,8.94,10.42
1/2/2018,10.38,10.52,8.21,8.54
1/3/2018,8.32,8.32,7.33,7.85
1/4/2018,7.89,8.33,7.49,7.73
1/5/2018,7.94,8.08,7.45,7.7
1/8/2018,8.62,8.71,7.65,7.9
1/9/2018,7.97,8.37,7.67,8.35
1/10/2018,8.77,9.15,7.81,7.85
1/11/2018,8.13,8.17,7.63,7.84
1/12/2018,8.38,8.86,8.02,8.68
1/16/2018,10.1,12.58,10.06,11.25
1/17/2018,11.47,12.2,10.39,11.69
1/18/2018,11.7,12.38,11.3,12.37
1/19/2018,11.8,11.91,10.11,10.41
1/22/2018,11.53,11.53,10.41,10.86
1/23/2018,11.01,11.25,10.53,11.02
1/24/2018,11.2,12.57,9.87,11.45
1/25/2018,11.58,12.37,10.41,11.64
1/26/2018,11.54,11.6,9.42,10.46
1/29/2018,12.34,14.91,12.26,14.91
1/30/2018,16.26,17.21,15.26,16.2
1/31/2018,15.3,15.3,12.35,13.86
2/1/2018,14.43,14.43,12.13,13.86
2/2/2018,14.66,20.78,13.53,18.86
2/5/2018,22.07,61.38,18.15,59.34
2/6/2018,63.23,68.95,28.74,39.46
2/7/2018,36.1,36.1,22.5,32.86
2/8/2018,28.59,45.53,26.94,41.44
2/9/2018,36.64,52.49,29.88,31.64
2/12/2018,31.5,33.89,25.08,26.83
2/13/2018,29.39,29.39,24.65,25.29
2/14/2018,23.03,23.47,18.64,18.73
2/15/2018,18.21,20.81,17.21,18.58
2/16/2018,19.09,21.98,16.16,18.68
2/20/2018,23.32,23.32,19.76,20.64
2/21/2018,20.38,20.42,15.55,20.01
2/22/2018,19.94,20.79,17.31,18.13
2/23/2018,18.13,18.66,14.06,14.98
2/26/2018,16.83,17.01,15.15,15.16
2/27/2018,15.97,18.79,15,18.12
2/28/2018,16.94,19.86,16.35,19.19
3/1/2018,20.03,28.48,19.43,23.89
3/2/2018,28.13,29.35,18.76,18.87
3/5/2018,21.48,21.58,17.47,18.26
3/6/2018,17.4,19.11,16.86,17.23
3/7/2018,19.44,19.91,16.13,16.71
3/8/2018,16.18,17.56,15.52,15.86
3/9/2018,15,15.32,13.19,13.53
3/12/2018,16,16.11,14.63,15.24
3/13/2018,15.12,16.18,14.82,15.36
3/14/2018,15.46,17.82,15.09,17.28
3/15/2018,16.56,17.62,15.33,15.96
3/16/2018,14.93,15.07,14.04,14.93
3/19/2018,17.02,29.09,16.93,21.95
3/20/2018,21.66,22.09,19.36,19.7
3/21/2018,19.88,20.88,15.05,18.52
3/22/2018,22.57,27.11,20.39,26.31
3/23/2018,25.15,30.67,22.82,28.22
3/26/2018,25.4,28,22.06,22.28
3/27/2018,21.77,25.72,19.83,22.95
3/28/2018,23.21,28.19,22.74,24.94
3/29/2018,23.08,23.64,20.2,20.57
4/2/2018,24.09,31.14,23.02,27.31
4/3/2018,26.04,26.99,23.4,23.48
4/4/2018,28.38,28.38,21.56,21.95
4/5/2018,21.74,22.21,19.36,19.93
4/6/2018,22.05,26.87,20.19,23.06
4/9/2018,23.03,24.12,21.6,23.83
4/10/2018,22.39,23.57,20.68,20.92
4/11/2018,20.37,20.93,19.09,20.37
4/12/2018,18.75,19.71,17.51,17.82
4/13/2018,17.06,18.39,16.24,16.36
4/16/2018,17.31,17.55,16.28,16.57
4/17/2018,16.14,16.17,14.46,15.35
4/18/2018,16.4,16.81,14.45,14.64
4/19/2018,15.3,17.28,14.81,15.5
4/20/2018,14.84,18.02,14.63,16.23
4/23/2018,17.24,17.8,15.69,16.44
4/24/2018,15.78,21.5,15.47,19.17
4/25/2018,19.91,22.06,18.63,18.71
4/26/2018,18.49,18.58,15.98,16.01
4/27/2018,15.88,16.84,14.36,14.44
4/30/2018,15.73,17.13,14.93,16.45
5/1/2018,16.98,17.8,15.57,15.7
5/2/2018,15.93,16.53,14.7,16.53
5/3/2018,16.69,21.19,15.73,15.75
5/4/2018,17.27,17.54,13.78,13.86
5/7/2018,15.68,15.68,14.09,14.22
5/8/2018,14.72,15.35,13.94,13.98
5/9/2018,13.95,14.15,12,12.13
5/10/2018,12.36,12.56,11.93,12.43
5/11/2018,12.64,12.65,11.24,11.24
5/14/2018,12.61,12.86,11.92,11.92
5/15/2018,13.28,14.92,13.28,14.29
5/16/2018,13.69,13.78,12.34,12.36
5/17/2018,12.5,12.82,11.51,12.02
5/18/2018,12.49,12.54,11.31,11.48
5/21/2018,11.68,12.3,11.37,11.37
5/22/2018,11.26,11.31,10.62,10.92
5/23/2018,12.48,12.6,9.98,10.06
5/24/2018,10.85,12.74,10.29,10.33
5/25/2018,11.44,11.83,10.81,11.46
5/29/2018,15.83,19.76,14.19,17.24
5/30/2018,16.01,16.04,13.1,13.26
5/31/2018,14.09,15.26,13.15,14.12
6/1/2018,12.59,12.61,11.32,11.44
6/4/2018,13.03,13.06,11.92,12.02
6/5/2018,12.02,12.73,11.5,11.68
6/6/2018,11.69,11.95,11.01,11.03
6/7/2018,11.42,13.35,11.37,11.9
6/8/2018,12.95,13.17,11.43,11.56
6/11/2018,12.8,12.82,12.17,12.53
6/12/2018,12.36,12.54,11.52,12.03
6/13/2018,11.97,12.69,11.58,12.66
6/14/2018,11.88,12.27,10.93,11.04
6/15/2018,11.82,12.49,10.82,10.84
6/18/2018,13.72,14.07,11.64,11.69
6/19/2018,15.02,15.05,12.85,12.97
6/20/2018,11.82,12.48,11.59,12.16
6/21/2018,12.71,15.48,12.67,14.56
6/22/2018,12.36,13.05,11.96,12.16
6/25/2018,14.49,20.72,14.34,17.68
6/26/2018,16.61,17.17,14,15.16
6/27/2018,14.63,18.5,13.3,17.91
6/28/2018,18.29,19.02,15.29,15.83
6/29/2018,14.74,15.17,12.98,14.93
7/2/2018,17.99,18.25,14.36,14.42
7/3/2018,14.16,15.48,13.53,15.17
7/5/2018,14.27,15.63,14.08,14.14
7/6/2018,14,14.16,11.42,11.49
7/9/2018,11.98,12.02,10.79,10.79
7/10/2018,10.56,11.5,10.36,10.66
7/11/2018,12.54,12.6,11.42,11.8
7/12/2018,11.31,11.72,10.33,10.6
7/13/2018,10.8,11.01,9.94,10.07
7/16/2018,11.48,11.8,11.18,11.5
7/17/2018,12.18,12.18,10.32,10.56
7/18/2018,10.8,10.89,9.76,10.03
7/19/2018,10.88,11.38,10.44,11.15
7/20/2018,11.84,11.96,10.78,11.01
7/23/2018,12.2,12.62,11.3,11.34
7/24/2018,10.79,12.25,10.58,11.15
7/25/2018,11.5,11.52,10.36,11.27
7/26/2018,11.29,11.56,11.01,11.07
7/27/2018,11.33,13.92,11.14,11.59
7/30/2018,12.63,14.1,12.47,13.57
7/31/2018,12.67,12.96,11.63,11.64
8/1/2018,11.67,13.26,11.11,12.29
8/2/2018,13.94,13.94,10.38,10.51
8/3/2018,10.76,10.76,9.52,9.58
8/6/2018,10.81,10.93,9.5,9.74
8/7/2018,9.53,9.74,9.11,9.13
8/8/2018,9.35,9.67,8.56,8.86
8/9/2018,9.19,9.52,8.63,9.46
8/10/2018,11.85,13.97,11.42,13.09
8/13/2018,14.05,15.97,12.8,15.34
8/14/2018,13.7,14.16,12.27,12.62
8/15/2018,14.84,18.17,14.39,15.01
8/16/2018,12.97,13.37,11.85,12.92
8/17/2018,13.21,13.79,11.5,11.57
8/20/2018,12.11,12.32,11.33,11.42
8/21/2018,11.14,11.58,10.75,11.55
8/22/2018,12.03,12.11,10.33,10.77
8/23/2018,10.96,11.64,10.05,10.8
8/24/2018,10.32,10.58,9.87,10.17
8/27/2018,11.27,11.28,10.15,10.23
8/28/2018,10.21,10.51,9.87,10.2
8/29/2018,9.93,10.11,9.73,9.77
8/30/2018,10.32,11.91,10.13,11.49
8/31/2018,11.61,12.51,10.68,11.01
9/4/2018,13.13,14,11.95,11.97
9/5/2018,12.29,13.52,11.85,12.65
9/6/2018,12.64,15.23,12.28,13.46
9/7/2018,14.59,14.9,12.45,13.49
9/10/2018,13.69,13.83,12.26,12.57
9/11/2018,13.49,13.76,11,11
9/12/2018,11.05,11.73,10.46,10.67
9/13/2018,10.53,10.6,9.98,10.03
9/14/2018,10.21,10.66,8.81,9.93
9/17/2018,11.26,13.69,11.06,13.5
9/18/2018,12.38,12.47,11.56,11.74
9/19/2018,11.44,11.94,10.97,11.45
9/20/2018,10.78,11.24,10.63,11.04
9/21/2018,11.27,11.27,10.05,10.63
9/24/2018,11.99,12.9,11.6,11.63
9/25/2018,11.46,12.18,11.33,11.76
9/26/2018,11.56,12.97,10.72,12.7
9/27/2018,11.83,12.47,11.07,12.09
9/28/2018,12.73,12.84,11.07,11.17
10/1/2018,11.38,11.73,10.67,11.19
10/2/2018,11.49,11.68,10.5,11.13
10/3/2018,10.6,11.67,10.13,10.81
10/4/2018,11.85,18.88,11.81,15.42
10/5/2018,14.43,19.61,13.16,14.86
10/8/2018,17.17,18.9,14.92,14.92
10/9/2018,15.97,16.96,13.66,14.4
10/10/2018,15.64,26.1,15.63,25.98
10/11/2018,23.85,35.6,23.07,29.58
10/12/2018,25.02,32.89,21.84,22.84
10/15/2018,24.76,25.89,20.86,23.91
10/16/2018,20.72,20.98,17.78,17.85
10/17/2018,17.95,20.71,17.56,17.75
10/18/2018,19.4,24.55,18.29,22.31
10/19/2018,21.24,23.44,18.97,21.13
10/22/2018,20.72,23.62,19.57,20.67
10/23/2018,29.71,29.71,22.49,23.43
10/24/2018,23.97,34.34,23.21,31.91
10/25/2018,29.8,31.03,26.36,29.62
10/26/2018,32.21,35.41,28.81,29.89
10/29/2018,29.04,36.37,27.17,31.03
10/30/2018,32.42,32.54,28.6,28.87
10/31/2018,26.96,27.35,23.62,25.16
11/1/2018,23.68,24.33,20.83,21.54
11/2/2018,20.97,25.2,20.1,21.17
11/5/2018,22.32,23.89,21.42,21.63
11/6/2018,22.06,22.93,21.15,21.62
11/7/2018,17.39,18.01,15.49,15.54
11/8/2018,15.53,16.62,15.31,15.56
11/9/2018,16.28,17.62,15.17,15.63
11/12/2018,16.94,21.39,16.88,20.69
11/13/2018,20.19,21.61,18.23,19.38
11/14/2018,18.63,23.39,18.29,21.39
11/15/2018,22.32,24.06,19.38,19.5
11/16/2018,20.93,21.2,16.29,16.35
11/19/2018,19.17,21.79,18.5,20.43
11/20/2018,24.77,26.66,22.8,23.63
11/21/2018,22.53,22.98,19.19,19.86
11/23/2018,22.96,22.97,20.7,21.42
11/26/2018,21.69,21.71,19.55,20.04
11/27/2018,21.49,21.72,20.53,21.33
11/28/2018,21.27,22.85,21.11,22.06
11/29/2018,22.59,24.91,21.86,22.13
11/30/2018,23.15,23.15,21.4,21.46
12/3/2018,18.09,19.48,17.01,17.21
12/4/2018,17.74,26.99,17.07,25.1
12/6/2018,31.36,33.48,24.75,25.11
12/7/2018,24.77,30.52,22.6,27.42
12/10/2018,28.13,31.83,25.14,25.53
12/11/2018,23.95,26.31,22.72,23.49
12/12/2018,22.07,23.06,21.48,22.86
12/13/2018,21.53,21.81,19.98,20.57
12/14/2018,21.38,23.46,20.53,21.47
12/17/2018,23.85,29.18,23.11,27.07
12/18/2018,26.45,29.61,25.74,28.36
12/19/2018,28.79,28.9,23.61,26.65
12/20/2018,26.96,33.86,25.92,30.42
12/21/2018,30.64,35.43,27,33.74
12/24/2018,37.35,42.5,35.98,42.4
12/26/2018,41.09,42.9,32.15,34.71
12/27/2018,37.87,39.64,33.39,33.88
12/28/2018,33.7,35.47,30.84,31.02
12/31/2018,31.72,31.74,27.27,27.35
1/2/2019,31.46,31.46,22.68,23.02
1/3/2019,25.82,28.95,24.47,26.96
1/4/2019,24.04,24.38,20.58,21.27
1/7/2019,23.42,23.42,21.11,21.68
1/8/2019,20.88,22.92,19.85,20.57
1/9/2019,20.26,21.04,18.7,19.18
1/10/2019,20.46,21.04,17.66,17.88
1/11/2019,18.64,18.76,15.88,16.1
1/14/2019,19.43,19.46,16.14,17.57
1/15/2019,17.62,17.68,16.16,16.84
1/16/2019,16.6,16.95,15.98,16.73
1/17/2019,17.32,17.32,15.31,15.75
1/18/2019,15.7,16.21,14.97,15.22
1/22/2019,18.96,21.96,18.89,21.57
1/23/2019,20.75,22.89,19.25,19.36
1/24/2019,20.4,20.63,17.6,18.09
1/25/2019,17.53,17.8,16.24,16.35
1/28/2019,20.26,22.07,19.28,19.38
1/29/2019,19.45,21.12,19.38,19.85
1/30/2019,19.52,19.97,17.28,17.32
1/31/2019,17.23,17.27,15.42,15.51
2/1/2019,15.18,15.35,13.99,14.13
2/4/2019,15.94,15.97,13.58,13.58
2/5/2019,13.86,14.4,13.19,13.58
2/6/2019,13.51,14.03,12.69,12.73
2/7/2019,14.19,17.45,13.78,14.89
2/8/2019,16.1,17.17,13.44,13.61
2/11/2019,14.72,15.47,14.56,14.67
2/12/2019,13.95,14.1,13.38,13.47
2/13/2019,13.73,14.14,12.82,13.49
2/14/2019,15.11,15.77,13.66,14.11
2/15/2019,13.45,13.61,12.02,12.18
2/19/2019,15.2,15.21,13.19,13.38
2/20/2019,13.66,13.89,12.48,12.6
2/21/2019,13.53,14.46,12.68,13.18
2/22/2019,13.13,13.18,11.47,11.49
2/25/2019,12.85,14.09,12.57,14.06
2/26/2019,14.48,14.61,13.29,14.2
2/27/2019,14.57,15.66,13.14,13.14
2/28/2019,13.17,13.74,12.46,13.18
3/1/2019,12.39,13.19,11.08,11.33
3/4/2019,12.42,17.65,11.9,13.4
3/5/2019,13.54,14.7,12.74,13.36
3/6/2019,13.6,15.65,13.49,14.99
3/7/2019,16.09,18.47,15.17,16.15
3/8/2019,18.57,18.79,14.56,14.63
3/11/2019,16.07,16.07,13.36,13.4
3/12/2019,13.57,13.61,12.69,12.73
3/13/2019,12.41,13.3,12.17,12.53
3/14/2019,12.96,13.2,12.05,12.52
3/15/2019,12.39,12.43,11.18,11.22
3/18/2019,12.74,13.61,12.48,12.53
3/19/2019,12.24,13.93,12.22,13.53
3/20/2019,14.22,14.73,12.36,13.49
3/21/2019,13.98,13.99,12.62,13.11
3/22/2019,13.94,18.47,13.6,16.85
3/25/2019,18.89,19.57,16.38,16.41
3/26/2019,15.46,15.63,13.89,13.95
3/27/2019,14.41,17.13,14.18,14.7
3/28/2019,14.62,15.57,13.64,13.7
3/29/2019,13.16,13.64,12.06,12.34
4/1/2019,13.21,13.34,11.95,12.11
4/2/2019,12.26,12.47,11.51,11.86
4/3/2019,11.75,13.12,11.63,12.29
4/4/2019,12.44,12.45,11.31,11.58
4/5/2019,11.26,11.26,9.92,10.12
4/8/2019,11.63,11.92,10.65,10.74
4/9/2019,11.71,12.21,11.03,11.78
4/10/2019,11.45,11.62,8.77,10.14
4/11/2019,10.81,11.05,10.29,10.52
4/12/2019,10.44,10.61,9.65,9.74
4/15/2019,10.99,11.77,10.53,10.61
4/16/2019,10.39,11.09,10.23,10.76
4/17/2019,10.28,11.83,10.25,11
4/18/2019,10.66,11.13,9.86,9.93
4/22/2019,13.16,13.17,11.57,11.63
4/23/2019,11.71,12.16,11.48,11.64
4/24/2019,11.91,12.73,11.65,12.54
4/25/2019,13.18,14.12,11.82,12.36
4/26/2019,12.48,12.77,11.32,11.81
4/29/2019,13,13,12.29,12.52
4/30/2019,13.02,13.82,12.34,12.44
5/1/2019,12.51,15.09,12.06,14.95
5/2/2019,14.75,16.61,13.47,13.92
5/3/2019,12.5,12.5,10.96,10.96
5/6/2019,20.36,20.36,14.92,15.45
5/7/2019,18.54,24.88,18.36,20.74
5/8/2019,21.96,23.21,19.35,21.33
5/9/2019,26.44,27.26,20.88,21.86
5/10/2019,20.69,23.08,15.84,16.57
5/13/2019,22.85,24.36,21.48,22.76
5/14/2019,22.76,22.76,18.42,18.76
5/15/2019,20.35,20.4,16.12,16.31
5/16/2019,16.14,16.14,14.71,15.06
5/17/2019,17.11,17.11,14.48,16.26
5/20/2019,18.77,19.41,16.61,16.82
5/21/2019,15.81,15.81,13.98,14.5
5/22/2019,14.5,14.94,13.48,13.92
5/23/2019,16.44,18.99,16.42,17.4
5/24/2019,15.78,16.49,15.23,15.36
5/28/2019,16.84,18.53,15.92,17.98
5/29/2019,19.04,19.91,18.04,18.34
5/30/2019,17.18,18.37,16.35,17.12
5/31/2019,19.72,19.93,18.04,19
6/3/2019,19.3,20.46,18.59,19.26
6/4/2019,18.52,18.89,16.65,16.65
6/5/2019,16.45,17.52,14.79,14.9
6/6/2019,15.24,15.4,14.22,14.88
6/7/2019,14.44,15.41,14.31,15.02
6/10/2019,15.5,16.05,15.25,15.25
6/11/2019,14.85,16.19,14.85,15.15
6/12/2019,15.29,15.49,14.64,14.66
6/13/2019,14.85,15.01,14.37,14.59
6/14/2019,15.16,15.52,13.5,13.56
6/17/2019,15.36,15.5,14.6,14.99
6/18/2019,15.07,15.64,14.15,15.29
6/19/2019,15.32,17.01,13.7,13.87
6/20/2019,13.54,16.55,13.12,14.77
6/21/2019,14.68,14.83,13.94,14.83
6/24/2019,16.22,16.39,15.8,15.8
6/25/2019,15.8,17.74,15.78,17.01
6/26/2019,17.03,17.33,16.28,16.8
6/27/2019,16.85,17.1,16.24,16.34
6/28/2019,16.64,17.06,15.67,15.67
7/1/2019,13.2,13.41,12.32,12.51
7/2/2019,12.31,12.49,10.38,10.42
7/3/2019,10.53,10.53,9.87,9.91
7/5/2019,11.4,12.38,10.34,10.57
7/8/2019,12.31,12.53,11.02,11.12
7/9/2019,12.05,12.05,10.87,11.08
7/10/2019,10.65,10.65,9.88,9.94
7/11/2019,10.09,10.57,9.74,10.08
7/12/2019,9.9,9.93,9.48,9.88
7/15/2019,10.95,11.25,10.79,11.01
7/16/2019,10.98,12.1,10.34,11.71
7/17/2019,11.59,13.42,11.46,13.42
7/18/2019,13.4,14.29,12.1,12.68
7/19/2019,12.68,13.56,12.22,13.56
7/22/2019,15.05,15.24,13.46,13.64
7/23/2019,13.59,13.85,12.3,12.82
7/24/2019,13.39,13.39,12.13,12.19
7/25/2019,12.78,13.92,12.45,12.53
7/26/2019,12.23,12.29,11.5,11.54
7/29/2019,12.69,13.4,12.56,12.67
7/30/2019,14.33,14.61,13.61,14.46
7/31/2019,14.44,18.41,12.36,18.41
8/1/2019,15.57,22.44,13.1,19.32
8/2/2019,19.5,22.31,17.69,17.69
8/5/2019,24.12,30.16,23.73,29.14
8/6/2019,24.32,25.46,21.24,21.84
8/7/2019,25.56,27.65,19.98,20.95
8/8/2019,19.66,19.76,16.46,16.77
8/9/2019,16.76,20.2,16.76,17.75
8/12/2019,21.47,23.13,19.87,22.45
8/13/2019,22.08,22.29,17.49,17.49
8/14/2019,17.62,25.27,17.62,24.42
8/15/2019,24.19,25.86,22.04,22.45
8/16/2019,22.5,22.5,18.14,18.36
8/19/2019,17.48,17.76,16.49,17.2
8/20/2019,17.64,18.94,16.77,18.43
8/21/2019,16.25,16.86,15.86,16.09
8/22/2019,15.81,18.41,15.63,16.71
8/23/2019,19.01,24.16,16.11,21.55
8/26/2019,22.28,23.51,19.47,19.82
8/27/2019,19.12,21.99,18.4,20.81
8/28/2019,22,22.67,18.9,19.16
8/29/2019,17.44,18.57,16.76,16.85
8/30/2019,16.81,18.86,16.21,18.6
9/3/2019,20.76,21.59,18.94,19.07
9/4/2019,16.87,17.65,15.46,15.6
9/5/2019,14.91,14.93,13.01,14.59
9/6/2019,14.16,14.29,12.34,12.39
9/9/2019,13.73,14.98,13.52,13.66
9/10/2019,14.59,15.65,13.34,13.76
9/11/2019,14.1,14.13,13.09,13.13
9/12/2019,13.24,13.79,11.2,13.1
9/13/2019,13.06,13.43,12.26,12.62
9/16/2019,15.04,15.18,14.14,14.6
9/17/2019,14.95,15.25,14.43,14.54
9/18/2019,15.15,17.31,13.71,14.13
9/19/2019,14.1,14.1,12.18,13.18
9/20/2019,12.2,15.67,11.78,14.68
9/23/2019,12.43,15.43,8.88,9.83
9/24/2019,13.49,18.69,13.12,17.73
9/25/2019,17.77,19.66,14.93,15.3
9/26/2019,15.51,17.4,14.57,15.2
9/27/2019,15.14,19.41,13.44,16.77
9/30/2019,16.97,17.03,15.2,15.28
10/1/2019,15.26,19.29,14.65,18.94
10/2/2019,20.31,23.43,20.24,21.71
10/3/2019,21.01,23.04,19.23,19.48
10/4/2019,18.7,18.7,16.02,16.27
10/7/2019,18.43,18.65,16.32,17.7
10/8/2019,19.89,20.74,18.32,20.29
10/9/2019,19.39,19.93,16.86,18.26
10/10/2019,19.9,19.94,17.6,17.78
10/11/2019,16.93,17.75,14.59,15.28
10/14/2019,16.09,16.09,13.88,14.01
10/15/2019,13.44,13.44,12.25,12.3
10/16/2019,13.05,13.44,11.8,11.92
10/17/2019,12.12,12.73,11.62,11.9
10/18/2019,12.89,13.86,12.26,12.35
10/21/2019,13.46,13.72,12.61,12.61
10/22/2019,12.53,13.52,12.05,13.3
10/23/2019,13.46,13.66,12.27,12.27
10/24/2019,12.17,12.92,11.4,11.89
10/25/2019,12.07,12.07,10.33,10.33
10/28/2019,11.54,11.76,11.29,11.7
10/29/2019,12.19,12.3,11.6,11.75
10/30/2019,12.21,13.03,10.6,10.67
10/31/2019,11.67,12.97,11.41,11.58
11/1/2019,10.81,11.56,9.79,9.84
11/4/2019,11.17,11.71,10.76,11.08
11/5/2019,11.58,11.58,10.64,10.99
11/6/2019,11.14,11.86,9.47,9.47
11/7/2019,10.04,10.3,9.68,10.16
11/8/2019,10.15,10.76,9.3,9.32
11/11/2019,9.3,11.8,9.3,10.69
11/12/2019,10.87,11.34,10.44,10.8
11/13/2019,11.93,11.97,10.92,10.97
11/14/2019,11.46,12.03,10.91,11.23
11/15/2019,10.86,11.07,9.57,9.67
11/18/2019,9.67,11.62,9.67,10.18
11/19/2019,10.12,10.7,9.69,10.25
11/20/2019,10.66,12.91,9.84,10.2
11/21/2019,10.75,11.76,10.32,10.56
11/22/2019,10.53,10.88,9.22,9.22
11/25/2019,10.36,10.38,9.64,9.76
11/26/2019,9.92,10.04,9.45,9.5
11/27/2019,9.69,9.93,9.06,9.9
11/29/2019,11.36,11.68,10.97,11.36
12/2/2019,13.29,16.2,13.29,15.3
12/3/2019,19.35,20.59,16.47,16.86
12/4/2019,15.88,16.01,14.03,14.92
12/5/2019,14.54,15.63,13.69,13.94
12/6/2019,12.47,12.85,12.2,12.81
12/9/2019,14.7,17.41,14.27,17.06
12/10/2019,16.58,17.89,15.97,16.24
12/11/2019,16.73,17.03,14.36,15.27
12/12/2019,16.25,16.7,13.81,14.67
12/13/2019,14.94,15.35,11.84,12.41
12/16/2019,11.01,12.08,10.58,11.63
12/17/2019,11.35,11.6,10.87,11.16
12/18/2019,10.71,10.88,9.9,10.3
12/19/2019,10.26,10.29,9.33,9.39
12/20/2019,8.82,9.36,8.55,9.27
12/23/2019,10.37,10.48,9.59,9.83
12/24/2019,9.84,10.08,9.49,9.56
12/26/2019,10.11,10.16,9.71,9.94
12/27/2019,10.32,11.58,10.3,11
12/30/2019,10.99,14.46,10.99,13.77
12/31/2019,14.47,14.69,13.16,13.26
1/2/2020,12.44,12.75,10.43,10.6
1/3/2020,14.88,14.88,11.91,12.78
1/6/2020,15.89,15.89,12.11,12.42
1/7/2020,13.2,13.56,11.73,12.34
1/8/2020,13.43,13.45,10.81,12.22
1/9/2020,11.65,11.77,10.83,10.86
1/10/2020,10.51,11.08,9.8,10.57
1/13/2020,11.39,11.67,10.05,10.05
1/14/2020,10.29,11.11,9.49,10.18
1/15/2020,10.35,10.43,9.68,9.69
1/16/2020,9.49,9.83,9.24,9.71
1/17/2020,9.73,9.84,8.98,9.04
1/21/2020,11.82,12.17,11.01,11.38
1/22/2020,11.25,11.28,10.41,11.03
1/23/2020,11,13.01,11,11.4
1/24/2020,11.39,17.8,11.27,14.65
1/27/2020,14.58,22.15,14.58,21.3
1/28/2020,19.12,19.88,17.35,18.34
1/29/2020,16.88,19.2,16.24,18.12
1/30/2020,20.19,21.23,16.11,16.41
1/31/2020,18.23,23.33,18.07,21.66
2/3/2020,20.09,20.31,18.29,19.23
2/4/2020,16.29,16.61,15.68,15.81
2/5/2020,14.74,15.75,13.52,13.69
2/6/2020,13.95,14.57,12.8,12.98
2/7/2020,14.38,15.21,12.9,13.73
2/10/2020,15.54,15.54,12.85,12.89
2/11/2020,12.3,13.23,11.94,13.04
2/12/2020,11.97,11.97,10.76,10.84
2/13/2020,12.9,13.06,11.55,11.83
2/14/2020,11.85,12.31,10.95,10.98
2/18/2020,13.94,14.7,12.91,13.02
2/19/2020,12.27,12.48,11.81,11.88
2/20/2020,12.91,16.81,12.31,13.86
2/21/2020,15.93,18.16,15.48,15.77
2/24/2020,27.46,33.45,24.77,31.9
2/25/2020,26.81,39.45,26.81,36.35
2/26/2020,33.12,36.85,29.9,34.84
2/27/2020,40.94,54.9,37.5,54.74
2/28/2020,60.19,70.48,52.12,52.9
3/2/2020,49.32,53.55,36.41,42.17
3/3/2020,42.37,53.72,31.43,47.34
3/4/2020,38.69,42.81,34.57,37.06
3/5/2020,45,55.09,40.85,48.63
3/6/2020,59.81,68.91,46.1,48.55
3/9/2020,48.62,76.77,48.62,70.3
3/10/2020,60.23,69.68,55.31,57.39
3/11/2020,64.49,70.94,60.23,68.21
3/12/2020,68,103.58,68,103.56
3/13/2020,80.57,102.31,65.05,69.87
3/16/2020,69.87,109.46,69.87,106.66
3/17/2020,103.09,110.92,85.08,92.93
3/18/2020,92.46,111.68,86.8,97.22
3/19/2020,98.77,107.42,87.38,91.02
3/20/2020,85.52,87.38,72.09,83.47
3/23/2020,90.13,92.38,77.83,78.76
3/24/2020,68.82,78.89,68.11,78.04
3/25/2020,81.99,84.66,76.58,81.3
3/26/2020,74.4,76.68,67.61,73.61
3/27/2020,82.63,82.63,69.07,72.33
3/30/2020,72.14,73.94,62.16,62.8
3/31/2020,61.02,65.73,56.24,60.16
4/1/2020,68.87,68.87,57.08,61.33
4/2/2020,58.78,61.1,52.29,52.81
4/3/2020,51.16,52.05,46.37,46.66
4/6/2020,45.56,47.86,44.26,47.02
4/7/2020,45.6,50.16,44.85,48.34
4/8/2020,44.87,47.12,41.88,42.46
4/9/2020,42.96,43.81,40.09,40.42
4/13/2020,46.43,48.82,41.65,41.74
4/14/2020,39.63,40.32,38.74,38.81
4/15/2020,44.25,44.98,41.13,41.64
4/16/2020,41.62,44.19,40.04,40.49
4/17/2020,40.22,40.96,20.07,36.18
4/20/2020,43.25,44.04,39.95,44
4/21/2020,46.37,48.38,44.68,45.46
4/22/2020,42.8,43.21,32.18,40.21
4/23/2020,38.65,40.47,36.14,39.35
4/24/2020,37.27,38.18,31.15,31.72
4/27/2020,33.89,33.91,30.94,31.41
4/28/2020,29.77,35.59,29.77,32.44
4/29/2020,30.39,31.32,29.57,29.66
4/30/2020,32.45,35.23,31.54,32.88
5/1/2020,37.64,39.36,34.89,35.57
5/4/2020,40.13,40.73,34.92,35.45
5/5/2020,33.5,33.51,30.53,33.19
5/6/2020,30.98,34.06,30.59,33.98
5/7/2020,30.08,30.94,28.77,29.75
5/8/2020,27.36,27.96,24.71,24.89
5/11/2020,30.04,30.12,25.72,26.17
5/12/2020,24.55,33.36,24.42,33.36
5/13/2020,32.32,39.33,31.15,34.63
5/14/2020,37.74,39.52,31.05,31.66
5/15/2020,33.41,34.48,28.7,29.71
5/18/2020,27.52,27.72,26.61,27.62
5/19/2020,27.81,28.4,25.6,28.03
5/20/2020,25.14,26.27,24.75,24.93
5/21/2020,24.84,28.24,24.22,26.15
5/22/2020,26.08,26.91,23.18,23.47
5/26/2020,25.16,26.35,24.83,25.5
5/27/2020,24.93,29.13,24.59,25.17
5/28/2020,26.19,28.03,24.74,26.02
5/29/2020,28.71,28.88,24.39,24.59
6/1/2020,30.41,30.42,27.02,27.08
6/2/2020,27.27,27.57,24.81,25.06
6/3/2020,25.1,25.38,23.22,23.97
6/4/2020,24.27,24.48,21.83,23.56
6/5/2020,21.97,23.4,21.54,22.63
6/8/2020,24.95,25.44,24.27,25.18
6/9/2020,25.87,27.09,25.33,26.92
6/10/2020,26.93,29.37,19.54,27.1
6/11/2020,32.39,47.21,29.39,42.06
6/12/2020,37.47,47.47,34.48,36.52
6/15/2020,44.5,45.38,35.93,35.98
6/16/2020,34.75,40.43,33.07,35.38
6/17/2020,35.47,37.15,32.63,33.98
6/18/2020,36.04,36.04,31.11,32.05
6/19/2020,29.68,34.78,28.93,33.92
6/22/2020,34.84,35.68,31.1,31.23
6/23/2020,30.03,30.87,28.88,30.29
6/24/2020,31.77,38.27,30.79,33.25
6/25/2020,33.29,36.76,30.36,30.92
6/26/2020,30.94,36.31,30.93,33.31
6/29/2020,34.86,36.93,30.42,30.42
6/30/2020,31.16,31.28,27.16,29.14
7/1/2020,28.07,28.39,24.92,25.2
7/2/2020,23.38,25.22,22,22.64
7/6/2020,25.8,26.45,24.88,25.23
7/7/2020,25.92,27.2,24.54,26.84
7/8/2020,25.89,27.59,23.59,23.67
7/9/2020,23.35,29.49,23.34,25.55
7/10/2020,26.11,27.56,22.39,22.59
7/13/2020,24.85,31,24.79,30.31
7/14/2020,31.44,33.4,27.49,27.78
7/15/2020,26.67,29.48,25.22,25.22
7/16/2020,26.64,27.36,24.55,25.85
7/17/2020,24.11,25.12,21.9,22.16
7/20/2020,24.66,24.98,22.49,22.52
7/21/2020,22.46,24.13,22.16,23.33
7/22/2020,23.93,24.33,21.53,21.65
7/23/2020,22.28,26.07,21.66,24.1
7/24/2020,26.93,28.04,22.26,22.7
7/27/2020,25.25,25.45,22.3,22.38
7/28/2020,23.15,24.1,22,23.54
7/29/2020,23,23.03,21.67,21.93
7/30/2020,25.26,27.78,22.65,22.79
7/31/2020,22.83,25.21,19.73,20.61
8/3/2020,22.48,22.65,20.88,20.95
8/4/2020,21.28,21.77,20.39,20.44
8/5/2020,20.03,20.08,18.65,19.02
8/6/2020,19.96,20.36,18.92,19.4
8/7/2020,20.79,20.79,17.96,18.08
8/10/2020,20.09,21.62,18.78,18.88
8/11/2020,18.45,23.58,18.26,21.89
8/12/2020,19.22,19.71,18.26,18.9
8/13/2020,19.4,19.89,17.91,18.54
8/14/2020,19.49,19.73,17.46,17.87
8/17/2020,19.54,19.56,17.56,17.6
8/18/2020,17.88,19.49,17.57,17.82
8/19/2020,17.97,19.64,17.28,19.23
8/20/2020,21.91,21.91,18.35,18.85
8/21/2020,19.72,20.21,17.58,18.01
8/24/2020,19.68,20.35,18.63,18.81
8/25/2020,19.49,20.25,18.01,18.09
8/26/2020,18.16,19.97,17.66,19.96
8/27/2020,19.28,24.6,19.15,20.19
8/28/2020,20.86,22.36,16.65,17.13
8/31/2020,20.64,21.66,19.6,21.1
9/1/2020,20.97,21.57,19.24,19.65
9/2/2020,19.94,21.1,19.18,20.71
9/3/2020,21.52,34.79,20.88,30.45
9/4/2020,30.21,40.2,28.14,29.41
9/8/2020,38.28,38.28,31.91,32.91
9/9/2020,30.43,30.82,27.41,29.09
9/10/2020,27.49,31.56,26.81,30.43
9/11/2020,28.53,30.88,25.4,26.33
9/14/2020,26.62,26.88,24.5,25.06
9/15/2020,24.36,24.82,23.6,24.22
9/16/2020,24.36,24.95,22.5,23.77
9/17/2020,28.37,28.37,24.79,24.95
9/18/2020,24.57,28.05,23.92,24.02
9/21/2020,31.09,32.9,27.56,28.11
9/22/2020,27.77,28.57,25.43,25.95
9/23/2020,25.44,29.8,25.12,27.97
9/24/2020,28.06,30.88,27.14,27.65
9/25/2020,27.6,29.14,24.19,24.57
9/28/2020,26.37,26.61,25.11,25.21
9/29/2020,26.26,27.53,25.45,25.99
9/30/2020,25.64,26.41,24.48,25.77
10/1/2020,25.14,26.42,24.66,24.8
10/2/2020,27.44,27.44,23.58,24.64
10/5/2020,25.36,25.39,23.44,23.51
10/6/2020,23.07,26.03,21.78,25.08
10/7/2020,23.36,23.55,21.74,21.74
10/8/2020,21.62,21.96,19.88,19.94
10/9/2020,19.55,19.57,18.2,18.85
10/12/2020,20.04,21.17,19.48,20.3
10/13/2020,20.33,22.61,20.33,21.39
10/14/2020,21.52,22.69,20.7,21.3
10/15/2020,24.41,24.41,20.88,21.38
10/16/2020,21.51,21.64,20.24,21.64
10/19/2020,23.41,25.92,23.22,24.65
10/20/2020,24.51,25.23,23.76,24.57
10/21/2020,24.9,25.03,23.1,23.2
10/22/2020,24.95,25.58,23.84,24.06
10/23/2020,24.85,25.84,23.84,24.29
10/26/2020,30.91,37.46,30.47,35.91
10/27/2020,36.59,38.08,36.1,37.29
10/28/2020,44.13,50.16,41,47.9
10/29/2020,47.74,49.77,42.25,44.34
10/30/2020,44.09,48.54,42.86,44.33
11/2/2020,45.46,46.51,43.37,43.86
11/3/2020,42.42,43.49,40.67,43.2
11/4/2020,43.2,43.2,30.29,32.46
11/5/2020,32.5,32.5,27.16,28.09
11/6/2020,27.7,28.61,23.4,23.96
11/9/2020,23.96,26.78,22.75,26.71
11/10/2020,26.75,28.08,24.01,24.43
11/11/2020,24.43,24.43,21.49,21.59
11/12/2020,22.26,26.94,21.6,23.88
11/13/2020,22,22.19,20.38,21.01
11/16/2020,21.01,22.08,19.24,19.33
11/17/2020,19.31,21.28,18.47,18.81
11/18/2020,18.79,19.68,16.94,19.59
11/19/2020,19.65,20.85,18.63,19.26
11/20/2020,19.32,20.1,18.37,19.86
11/23/2020,19.9,22.31,19.56,19.58
11/24/2020,19.58,19.69,18.31,18.4
11/25/2020,18.4,19.42,17.06,17.14
11/27/2020,17.15,19.24,17.15,18.25
11/30/2020,18.33,23.42,18.33,19.87
12/1/2020,19.83,20.3,19.32,19.87
12/2/2020,19.87,20.3,18.82,19.29
12/3/2020,19.32,20.32,18.42,19.35
12/4/2020,19.37,19.37,17.78,17.96
12/7/2020,17.97,20.57,15.54,18.74
12/8/2020,18.7,19.65,17.97,18.17
12/9/2020,18.03,22.13,17.7,19.99
12/10/2020,21.32,22.09,18.95,19.67
12/11/2020,19.67,23.74,19.67,20.45
12/14/2020,20.4,23.71,18.8,23.67
12/15/2020,23.67,23.67,19.82,20.19
12/16/2020,20.19,21.89,18.8,18.8
12/17/2020,18.83,18.83,17.94,18.62
12/18/2020,18.59,22.16,16.42,16.7
12/21/2020,16.73,28.91,16.73,21.56
12/22/2020,21.65,22.11,19.69,19.91
12/23/2020,19.91,19.91,17.63,19.2
12/24/2020,19.18,19.18,16.85,17.12
12/28/2020,17.16,20.42,17.16,20.05
12/29/2020,20.04,22.68,19.76,21.47
12/30/2020,21.5,21.82,20.56,21.31
12/31/2020,21.29,22.49,20.57,21.2
